ENV-11	事業廢棄物貯存清除處理方法及設施標準	未出題 52/52
ENV-16	海洋保育法	未出題 31/31
ENV-24	資源循環推動法	未出題 52/52
ENV-25	公害糾紛處理法	未出題 38/51
ENV-26	空氣污染防制專責單位或專責人員設置及管理辦法	未出題 17/23
ENV-27	固定污染源空氣污染物排放標準	未出題 9/14
ENV-28	空氣品質標準	未出題 4/6
ENV-30	室內空氣品質管理法	未出題 20/24
ENV-31	室內空氣品質標準	未出題 3/5
ENV-37	空氣污染行為管制執行準則	未出題 8/13
ENV-38	空氣品質監測站設置及監測準則	未出題 8/13
ENV-39	噪音管制法施行細則	未出題 13/17
ENV-40	環境音量標準	未出題 3/6
ENV-41	噪音管制區劃定作業準則	未出題 8/13
ENV-42	易發生噪音設施設置及操作許可辦法	未出題 11/17
ENV-43	機動車輛噪音管制標準	未出題 2/4
ENV-44	水污染防治法施行細則	未出題 25/29
ENV-46	廢（污）水處理專責單位或人員設置及管理辦法	未出題 24/28
ENV-47	水污染防治措施計畫及許可申請審查管理辦法	未出題 33/63
ENV-48	事業或污水下水道系統排放廢（污）水緊急應變辦法	未出題 6/8
ENV-49	飲用水管理條例	未出題 35/38
ENV-52	廢棄物清理法施行細則	未出題 18/20
ENV-53	有害事業廢棄物認定標準	未出題 5/7
ENV-55	事業廢棄物清理計畫書審查管理辦法	未出題 18/21
ENV-57	一般廢棄物回收清除處理辦法	未出題 2/48
ENV-61	共通性事業廢棄物再利用管理辦法	未出題 1/17
ENV-63	環境影響評估法施行細則	未出題 59/63
ENV-65	開發行為環境影響評估作業準則	未出題 1/61
ENV-66	政府政策環境影響評估作業辦法	未出題 9/9
ENV-67	毒性及關注化學物質管理法施行細則	未出題 18/19
ENV-68	毒性及關注化學物質危害預防及應變計畫作業辦法	未出題 9/11
ENV-69	毒性及關注化學物質專業技術管理人員設置及管理辦法	未出題 16/18
ENV-70	毒性及關注化學物質標示與安全資料表管理辦法	未出題 19/19
ENV-71	毒性及關注化學物質運送管理辦法	未出題 18/18
ENV-72	毒性及關注化學物質許可登記核可管理辦法	未出題 24/24
ENV-73	毒性及關注化學物質運作與釋放量紀錄管理辦法	未出題 11/11
ENV-74	毒性及關注化學物質應變器材與偵測警報設備管理辦法	未出題 16/16
ENV-75	新化學物質及既有化學物質資料登錄辦法	未出題 32/32
ENV-76	環境用藥管理法	未出題 60/60
ENV-77	土壤及地下水污染整治法施行細則	未出題 26/29
ENV-78	土壤污染管制標準	未出題 7/8
ENV-79	地下水污染管制標準	未出題 6/7
ENV-82	土壤及地下水污染場址初步評估暨處理等級評定辦法	未出題 8/10
ENV-84	氣候變遷因應法施行細則	未出題 23/25
ENV-85	溫室氣體排放量盤查登錄及查驗管理辦法	未出題 14/17
ENV-86	碳費收費辦法	未出題 19/23
ENV-89	溫室氣體自願減量專案管理辦法	未出題 16/23
ENV-90	溫室氣體排放量增量抵換管理辦法	未出題 10/15
ENV-91	自願性產品碳足跡核定標示及管理辦法	未出題 18/25
ENV-92	環境教育法施行細則	未出題 13/15
ENV-93	環境講習執行辦法	未出題 16/18
ENV-94	環境教育人員認證及管理辦法	未出題 13/20
ENV-95	公害糾紛處理法施行細則	未出題 2/38
ENV-96	環境保護專責及技術人員訓練管理辦法	未出題 27/31
ENV-97	環境檢驗測定機構管理辦法	未出題 3/35
OSH-01	職業安全衛生法	未出題 10/61
OSH-02	職業安全衛生法施行細則	未出題 28/56
OSH-03	勞動檢查法	未出題 21/40
OSH-04	勞動檢查法施行細則	未出題 32/42
OSH-05	職業災害勞工保護法	未出題 33/41
OSH-06	職業災害勞工保護法施行細則	未出題 18/24
OSH-07	職業安全衛生設施規則	未出題 44/393
OSH-08	危險性工作場所審查及檢查辦法	未出題 10/25
OSH-09	職業安全衛生管理辦法	未出題 50/111
OSH-10	勞工健康保護規則	未出題 6/29
OSH-11	職業安全衛生教育訓練規則	未出題 26/51
OSH-12	危害性化學品標示及通識規則	未出題 4/25
OSH-13	機械設備器具安全標準	未出題 47/130
OSH-14	高溫作業勞工作息時間標準	未出題 2/11
OSH-15	高架作業勞工保護措施標準	未出題 4/9
OSH-16	精密作業勞工視機能保護設施標準	未出題 8/12
OSH-17	重體力勞動作業勞工保護措施標準	未出題 6/8
OSH-18	異常氣壓危害預防標準	未出題 41/97
OSH-19	辦理勞工體格與健康檢查醫療機構認可及管理辦法	未出題 20/28
OSH-20	妊娠與分娩後女性及未滿十八歲勞工禁止從事危險性或有害性工作認定標準	未出題 1/5
OSH-21	事業單位僱用女性勞工夜間工作場所必要之安全衛生設施標準	未出題 7/10
OSH-22	女性勞工母性健康保護實施辦法	未出題 9/16
OSH-23	工業用機器人危害預防標準	未出題 27/37
OSH-24	職業安全衛生標示設置準則	未出題 2/8
OSH-25	勞動檢查法第二十八條所定勞工有立即發生危險之虞認定標準	未出題 3/9
OSH-29	職業安全衛生顧問服務機構與其顧問服務人員之認可及管理規則	未出題 22/27
OSH-30	政府機關推動職業安全衛生業務績效評核及獎勵辦法	未出題 8/10
OSH-31	促進職業安全衛生文化獎勵及補助辦法	未出題 5/7
OSH-32	製程安全評估定期實施辦法	未出題 1/11
OSH-34	缺氧症預防規則	未出題 7/32
OSH-35	勞工職業災害保險及保護法	未出題 35/109
OSH-37	性別平等工作法	未出題 26/50
OSH-38	性別平等工作法施行細則	未出題 16/20
OSH-39	鉛中毒預防規則	未出題 41/52
OSH-40	四烷基鉛中毒預防規則	未出題 21/29
OSH-43	危害性化學品評估及分級管理辦法	未出題 7/12
OSH-45	粉塵危害預防標準	未出題 18/26
OSH-46	碼頭裝卸安全衛生設施標準	未出題 22/69
OSH-47	有機溶劑中毒預防規則	未出題 21/29
OSH-48	勞動基準法	未出題 27/98
OSH-49	勞動基準法施行細則	未出題 65/70
OSH-50	特定化學物質危害預防標準	未出題 37/54
OSH-51	勞工作業場所容許暴露標準	未出題 6/11
OSH-52	勞工作業環境監測實施辦法	未出題 19/33
OSH-53	危險性機械及設備安全檢查規則	未出題 5/173
OSH-54	既有危險性機械及設備安全檢查規則	未出題 1/21
OSH-55	職場霸凌防治措施準則	未出題 15/29
OSH-56	地方主管機關受理最高負責人職場霸凌事件申訴處理辦法	未出題 18/20
OSH-57	工程安全設計及整體工程統合管理辦法	未出題 13/21
OSH-58	新化學物質登記管理辦法	未出題 27/31
OSH-59	管制性化學品之指定及運作許可管理辦法	未出題 16/19
OSH-60	優先管理化學品之指定及運作管理辦法	未出題 12/15
OSH-61	機械設備器具安全資訊申報登錄辦法	未出題 23/28
OSH-62	機械設備器具監督管理辦法	未出題 25/29
OSH-63	機械類產品型式驗證實施及監督管理辦法	未出題 44/49
OSH-64	機械類產品申請先行放行辦法	未出題 8/10
OSH-65	機械類產品申請免驗證辦法	未出題 15/17
OSH-66	構造規格特殊產品安全評估報告及檢驗辦法	未出題 7/8
OSH-67	安全標示與驗證合格標章使用及管理辦法	未出題 12/14
OSH-70	升降機安全檢查構造標準	未出題 5/52
OSH-71	吊籠安全檢查構造標準	未出題 45/49
OSH-73	林場安全衛生設施規則	未出題 51/58
OSH-74	礦場職業衛生設施標準	未出題 10/14
OSH-75	船舶清艙解體職業安全規則	未出題 54/62
OSH-76	勞工健康服務專業機構管理規則	未出題 14/19
OSH-77	勞工職業災害保險預防職業病健康檢查及健康追蹤檢查辦法	未出題 11/13
OSH-78	勞工職業災害保險職業病鑑定作業實施辦法	未出題 12/16
OSH-79	職業災害勞工補助及核發辦法	未出題 24/28
OSH-80	職業災害勞工申請器具照護失能及死亡補助辦法	未出題 16/20
OSH-81	職業災害勞工職業重建補助辦法	未出題 20/23
OSH-82	職業災害勞工職能復健專業機構認可管理及補助辦法	未出題 27/30
OSH-85	職業傷病診治醫療機構認可管理補助及職業傷病通報辦法	未出題 41/47
OSH-86	直轄市及縣市政府辦理協助職業災害勞工重返職場補助辦法	未出題 25/29
OSH-88	危險性機械或設備代行檢查機構管理規則	未出題 30/35
OSH-89	勞動檢查員遴用及專業訓練辦法	未出題 8/11
OSH-90	勞動檢查員執行職務迴避辦法	未出題 4/6
