code	file	index	law_id	article	issue	detail	question
D5	batch10_a1	5	ENV-01	第4條	題幹疑似洩答	空氣污染訓練及防制有關事宜	關於空氣污染訓練及防制有關事宜之辦理，本法有何規定？
D1	batch10_a1	11	ENV-01	第10條	選項b 疑似也對	污染物容許增量限值避免空氣品質惡化措施新設或變更固定污染源審	未符合空氣品質標準之總量管制區，其總量管制計畫應包括哪些事項？
D5	batch10_a1	15	ENV-01	第14條	題幹疑似洩答	各級主管機關及公私場所應	空氣品質有嚴重惡化之虞時，各級主管機關及公私場所應如何處理？
D3	batch10_a1	37	ENV-01	第33條	選項b 中英數值不同	zh多:[24.0] en多:[4.0, 20.0]	固定污染源因突發事故大量排放空氣污染物時，負責人應如何處理？
D3	batch10_a2	33	ENV-01	第82條	選項c 中英數值不同	zh多:[180.0] en多:[80.0]	依本法通知限期補正、改善或申報者，其期間以多久為限？因天災不可抗力時如何處理？
D5	batch10_a2	52	ENV-01	第99條	題幹疑似洩答	空氣污染防制法施行細則	空氣污染防制法施行細則之訂定機關為何？
D2	batch10_a3	7	ENV-02	第6條	正確選項缺依據	該條已刪除，現行條文並無任何規範內容，相關事項回歸本法及其他條文規定	空氣污染防制法施行細則第六條之現行內容為何？
D4	batch10_a4	25	ENV-04	第1條	選項a與b過於相似	0.98	固定污染源逸散性粒狀污染物空氣污染防制設施管理辦法之訂定法源為何？
D3	batch10_a4	38	ENV-04	第11條	選項d 中英數值不同	zh多:[24.0] en多:[4.0, 20.0]	附表一所列序號一至七之適用對象，其攝錄影監視系統之設置、保存及故障處理規定為何？
D2	batch10_b1	2	ENV-05	第3條	正確選項缺依據	指超過噪音管制標準之聲音，未超過者不屬本法所稱噪音	噪音管制法所稱噪音，其定義為何？
D5	batch10_b1	20	ENV-05	第18條	題幹疑似洩答	有土地使用及開發計畫	各級航空噪音防制區內既有土地使用及開發計畫，直轄市、縣（市）主管機關應依何原則檢
D3	batch10_b1	44	ENV-06	第2條	選項a 中英數值不同	zh多:[10.0, 11.0] en多:[19.0, 22.0, 23.0]	噪音管制標準所定日間、晚間、夜間之時段如何區分？
D3	batch10_b1	44	ENV-06	第2條	選項b 中英數值不同	zh多:[9.0, 10.0] en多:[18.0, 21.0, 22.0]	噪音管制標準所定日間、晚間、夜間之時段如何區分？
D3	batch10_b1	44	ENV-06	第2條	選項c 中英數值不同	zh多:[11.0, 12.0] en多:[20.0, 23.0, 24.0]	噪音管制標準所定日間、晚間、夜間之時段如何區分？
D3	batch10_b1	44	ENV-06	第2條	選項d 中英數值不同	zh多:[11.0] en多:[19.0, 23.0]	噪音管制標準所定日間、晚間、夜間之時段如何區分？
D2	batch10_b2	19	ENV-13	第15條	正確選項缺依據	得合併進行環境影響評估，不必就各開發行為分別進行評估程序	同一場所有二個以上之開發行為同時實施者，依環境影響評估法應如何處理？
D2	batch10_b3	5	ENV-21	第4條	正確選項缺依據	應由政府負責，此為政府對環境危害之補位責任規定	環境污染者、破壞者不存在或無法確知時，其環境危害之責任應由何人負擔？
D5	batch10_b3	32	ENV-21	第30條	題幹疑似洩答	整合及推動維護環境資源之政策	中央政府為有效整合及推動維護環境資源之政策及相關事務，依環境基本法應如何辦理？
D1	batch10_b4	22	ENV-23	第19條	選項b 疑似也對	每年應訂定環境教育計畫推展環境教育所有員工教師學生均應參加	機關、公營事業機構、高級中等以下學校及政府捐助基金累計超過百分之五十之財團法人，
D5	batch10_b4	26	ENV-23	第21條	題幹疑似洩答	各級主管機關及中央目的事業主管機關	各級主管機關及中央目的事業主管機關對於從事環境教育成效優良者，得為何種處置？相關
D3	batch10_b4	28	ENV-23	第23條	選項c 中英數值不同	zh多:[24.0] en多:[20.0]	違反環境保護法律或自治條例之行政法上義務，於何種處分情形下應接受環境講習？其對象
D3	batch10_b4	29	ENV-23	第24條	選項b 中英數值不同	zh多:[24.0] en多:[4.0, 20.0]	機關、公營事業機構、高級中等以下學校或政府捐助基金累計超過百分之五十之財團法人，
D3	batch10_b4	38	ENV-25	第5條	選項a 中英數值不同	zh多:[21.0] en多:[20.0]	調處委員會之委員人數及主任委員之產生方式為何？
D3	batch10_b4	38	ENV-25	第5條	選項d 中英數值不同	zh多:[31.0] en多:[30.0]	調處委員會之委員人數及主任委員之產生方式為何？
D3	batch10_b4	44	ENV-25	第10條	選項b 中英數值不同	zh多:[21.0] en多:[20.0]	裁決委員會之委員人數及遴選程序為何？
D3	batch10_b4	44	ENV-25	第10條	選項d 中英數值不同	zh多:[25.0] en多:[5.0, 20.0]	裁決委員會之委員人數及遴選程序為何？
D2	batch10_b5	3	ENV-25	第17條	正確選項缺依據	應自行迴避該調處事項；該規定依第四十條於裁決程序準用之	調處委員對於調處事項涉及本身或其家屬時，應如何處理？該規定於裁決程序如何適用？
D5	batch10_c1	5	ENV-07	第4條	題幹疑似洩答	辦理水污染研究訓練及防治	各級主管機關為辦理水污染研究、訓練及防治有關事宜，得如何辦理？
D3	batch10_c1	37	ENV-07	第27條	選項b 中英數值不同	zh多:[24.0] en多:[4.0, 20.0]	排放廢（污）水有嚴重危害人體健康、農漁業生產或飲用水水源之虞時，負責人應如何處理
D3	batch10_c1	38	ENV-07	第28條	選項b 中英數值不同	zh多:[24.0] en多:[4.0, 20.0]	輸送或貯存設備有疏漏污染物或廢（污）水至水體之虞者，事業應如何處理？實際疏漏致污
D3	batch10_c1	42	ENV-07	第31條	選項d 中英數值不同	zh多:[5000.0] en多:[5.0]	排放廢（污）水於總量管制水體者，在何種情形應自行設置放流水水質水量自動監測系統？
D5	batch10_c1	43	ENV-07	第32條	題幹疑似洩答	注入地下水體或排放於土壤	廢（污）水可否注入地下水體或排放於土壤？例外要件為何？
D2	batch10_c1	51	ENV-07	第38條	正確選項缺依據	該條業經刪除，現行條文僅保留條次而無實質內容規定	水污染防治法第三十八條之現行狀態為何？
D3	batch10_c2	4	ENV-07	第44條	選項d 中英數值不同	zh多:[180.0] en多:[80.0]	事業或污水下水道系統未於期限內繳納水污染防治費者，應如何處理？
D1	batch10_c2	11	ENV-07	第48條	選項b 疑似也對	百萬元以下罰鍰主管機關並應令事業全部停工或停業必要時應勒令歇	未取得貯留或稀釋許可文件而貯留或稀釋廢（污）水者，如何處罰？
D1	batch10_c2	20	ENV-07	第56條	選項b 疑似也對	元以上三百萬元以下罰鍰並通知限期申報屆期未申報或申報不完全者	依第二十條第三項、第二十二條、第三十一條第二項、第三十二條第四項或第三十三條第二
D2	batch10_c2	23	ENV-07	第58條	正確選項缺依據	應分別處罰	同一事業設置數放流口，或數事業共同設置廢水處理設施或使用同一放流口，其排放未符標
D3	batch10_c2	24	ENV-07	第59條	選項a 中英數值不同	zh多:[24.0] en多:[4.0, 20.0]	廢（污）水處理設施發生故障時，於故障發生幾小時內符合規定者得不適用主管機關所定標
D3	batch10_c2	24	ENV-07	第59條	選項b 中英數值不同	zh多:[48.0] en多:[8.0, 40.0]	廢（污）水處理設施發生故障時，於故障發生幾小時內符合規定者得不適用主管機關所定標
D3	batch10_c2	24	ENV-07	第59條	選項d 中英數值不同	zh多:[72.0] en多:[70.0]	廢（污）水處理設施發生故障時，於故障發生幾小時內符合規定者得不適用主管機關所定標
D2	batch10_c2	26	ENV-07	第60條	正確選項缺依據	視為未完成改善	事業未於依第四十條、第四十三條、第四十六條或第五十三條所為通知改善之期限屆滿前，
D3	batch10_c2	27	ENV-07	第61條	選項c 中英數值不同	zh多:[180.0] en多:[80.0]	依本法通知限期補正、改善或申報者，其補正、改善或申報期間之上限為何？
D3	batch10_c2	27	ENV-07	第61條	選項d 中英數值不同	zh多:[365.0] en多:[5.0, 60.0]	依本法通知限期補正、改善或申報者，其補正、改善或申報期間之上限為何？
D3	batch10_c2	28	ENV-07	第62條	選項d 中英數值不同	zh多:[180.0] en多:[80.0]	因天災或其他不可抗力事由致不能於改善期限內完成改善者，應如何辦理？
D2	batch10_c2	33	ENV-07	第65條	正確選項缺依據	該條業經刪除，現行條文僅保留條次而無實質內容規定	水污染防治法第六十五條之現行狀態為何？
D3	batch10_c2	45	ENV-07	第72條	選項d 中英數值不同	zh多:[120.0] en多:[20.0]	主管機關疏於執行本法時，受害人民或公益團體得如何救濟？其等待期間為何？
D3	batch10_c2	46	ENV-07	第73條	選項c 中英數值不同	zh多:[500.0] en多:[5.0]	本法所稱情節重大，包括下列何種情形？
D2	batch10_c2	49	ENV-07	第75條	正確選項缺依據	自公布日施行	水污染防治法之施行日期規定為何？
D2	batch10_c3	10	ENV-08	第2條	正確選項缺依據	依其規定，即優先適用該另定之排放標準或地方增訂加嚴之放流水標準	特定業別、區域另定有排放標準，或地方主管機關增訂加嚴轄內放流水標準時，應如何適用
D3	batch10_c3	11	ENV-08	第2條之1	選項c 中英數值不同	zh多:[75.0] en多:[5.0, 70.0]	工業區污水下水道系統之石油化學業和化工業許可核准納管水量，達許可核准排放水量多少
D3	batch10_c3	17	ENV-08	第5條	選項b 中英數值不同	zh多:[29.0] en多:[9.0, 20.0]	本標準所稱總毒性有機物，係指多少種化合物之濃度總和？
D3	batch10_c3	18	ENV-08	第5條	選項c 中英數值不同	zh多:[75.0] en多:[5.0, 70.0]	石油化學業高含氮製程之認定，除屬所列含氮製程外尚須符合何要件？
D3	batch10_c3	20	ENV-08	第5條	選項d 中英數值不同	zh多:[29.0] en多:[9.0, 20.0]	本標準所稱戴奧辛之檢測及表示方式為何？
D3	batch10_c3	21	ENV-08	第5條	選項a 中英數值不同	zh多:[29.0] en多:[20.0]	本標準所稱總有機磷劑、總氨基甲酸鹽及除草劑，分別指多少種化合物濃度之總和？
D3	batch10_c3	21	ENV-08	第5條	選項c 中英數值不同	zh多:[29.0] en多:[20.0]	本標準所稱總有機磷劑、總氨基甲酸鹽及除草劑，分別指多少種化合物濃度之總和？
D3	batch10_c3	21	ENV-08	第5條	選項d 中英數值不同	zh多:[29.0] en多:[9.0, 20.0]	本標準所稱總有機磷劑、總氨基甲酸鹽及除草劑，分別指多少種化合物濃度之總和？
D3	batch10_c3	30	ENV-08	第8條	選項a 中英數值不同	zh多:[75.0] en多:[5.0, 70.0]	廢水混合處理排放者，在何條件下得申請以單一業別之放流水標準管制共同管制項目？
D3	batch10_c3	30	ENV-08	第8條	選項d 中英數值不同	zh多:[75.0] en多:[5.0, 70.0]	廢水混合處理排放者，在何條件下得申請以單一業別之放流水標準管制共同管制項目？
D3	batch10_c3	36	ENV-08	第5條	選項a 中英數值不同	zh多:[27.0] en多:[7.0, 20.0]	化工業高含氮製程之列舉範圍與石油化學業高含氮製程相比有何差異？
D3	batch10_c3	36	ENV-08	第5條	選項b 中英數值不同	zh多:[27.0] en多:[7.0, 20.0]	化工業高含氮製程之列舉範圍與石油化學業高含氮製程相比有何差異？
D3	batch10_c3	36	ENV-08	第5條	選項c 中英數值不同	zh多:[27.0] en多:[7.0, 20.0]	化工業高含氮製程之列舉範圍與石油化學業高含氮製程相比有何差異？
D3	batch10_c3	37	ENV-08	第5條	選項b 中英數值不同	zh多:[4.0] en多:[24.0]	本標準所稱總氨基甲酸鹽，係指哪些化合物之濃度總和？
D3	batch10_c3	37	ENV-08	第5條	選項c 中英數值不同	zh多:[29.0] en多:[9.0, 20.0]	本標準所稱總氨基甲酸鹽，係指哪些化合物之濃度總和？
D3	batch10_c3	38	ENV-08	第5條	選項a 中英數值不同	zh多:[4.0] en多:[24.0]	本標準所稱除草劑，係指多少種化合物之濃度總和？包括哪些？
D1	batch10_d1	0	ENV-09	第1條	選項c 疑似也對	本法第十八條第十九條準用第十八條第二十條第三項第二十二條第三	本辦法係依據哪一部法律及其哪些條文規定訂定？
D4	batch10_d1	2	ENV-09	第2條	選項a與b過於相似	0.97	本辦法對非連續性排放及 TUa 之定義為何？
D2	batch10_d1	3	ENV-09	第3條	正確選項缺依據	作業廢水、洩放廢水、未接觸冷卻水、逕流廢水	本辦法所定事業廢水類別包括哪四類？
D4	batch10_d1	23	ENV-09	第19條	選項a與b過於相似	0.98	應設置廢水處理專責單位之事業，其委託之代操作人員應具何種資格？現場紀錄應保存多久
D4	batch10_d1	30	ENV-09	第26條	選項a與b過於相似	0.98	採土壤處理者，應於何處設置攔水渠？何種情形不在此限？
D2	batch10_d2	0	ENV-09	第44條	正確選項缺依據	該條業經刪除，事業無須再依該條規定辦理，其排放管理回歸本章其他條文	本辦法第四十四條之現行效力為何？事業應如何辦理？
D4	batch10_d2	7	ENV-09	第48條	選項a與b過於相似	0.98	餐飲業及觀光旅館提供餐飲及溫泉泡湯服務者，應分別設置或採行何種措施？
D1	batch10_d2	11	ENV-09	第49條之2	選項b 疑似也對	載運車輛進出情形收容處理之土質種類收容量及處理量並作成紀錄保	事業收容處理淤泥或含水量大於百分之三十之土壤、連續壁皂土等營建剩餘土石方者，應記
D1	batch10_d2	11	ENV-09	第49條之2	選項d 疑似也對	載運車輛進出情形收容處理之土質種類收容量及處理量並作成紀錄保	事業收容處理淤泥或含水量大於百分之三十之土壤、連續壁皂土等營建剩餘土石方者，應記
D4	batch10_d2	11	ENV-09	第49條之2	選項a與b過於相似	0.97	事業收容處理淤泥或含水量大於百分之三十之土壤、連續壁皂土等營建剩餘土石方者，應記
D2	batch10_d2	36	ENV-09	第58條	正確選項缺依據	該條業經刪除，事業無須再依該條規定辦理相關事項	本辦法第五十八條之現行效力為何？
D2	batch10_d2	40	ENV-09	第60條之1	正確選項缺依據	該條業經刪除，事業無須再依該條規定辦理相關事項	本辦法第六十條之一之現行效力為何？
D4	batch10_d2	47	ENV-09	第66條	選項a與b過於相似	0.98	獨立專用累計型水量計測設施有設置困難經主管機關同意者，得如何辦理？其非連續自動記
D2	batch10_d2	50	ENV-09	第69條	正確選項缺依據	該條業經刪除，事業無須再依該條規定辦理相關事項	本辦法第六十九條之現行效力為何？
D1	batch10_d2	51	ENV-09	第70條	選項b 疑似也對	本法及相關法規所定事業應遵行之規定	事業經下水道主管機關指定為應設置專用污水下水道系統之地區或場所者，應如何辦理？
D1	batch10_d3	4	ENV-09	第70條之3	選項b 疑似也對	應自期滿六個月前起算三個月之期間內向農業主管機關申請展延每次	沼液沼渣農地肥分使用計畫之有效期限為何？應於何時申請展延？每次展延期限為何？
D3	batch10_d3	10	ENV-09	第70條之9	選項d 中英數值不同	zh多:[4.0] en多:[70.0]	有哪些情形者，以違反本辦法依本法規定處分？
D2	batch10_d3	17	ENV-09	第74條	正確選項缺依據	受託者應申報每月自行產生水量及餘裕量與收受來源業別及累積受託水量；稀釋者應申報稀	採處理設施且以餘裕量受託處理、採稀釋或委託代操作者，除依第七十三條申報外，還應申
D1	batch10_d3	42	ENV-09	第89條	選項c 疑似也對	採樣及量測但逕流廢水之水質水量不在此限	事業或污水下水道系統申報之水質、水量，其採樣及量測時間有何規定？
D1	batch10_d4	7	ENV-09	第92條之1	選項d 疑似也對	工業區專用污水下水道系統以外之污水下水道系統應於每年一月底前	事業及工業區專用污水下水道系統管理機關（構）應於何時上傳現況照片等資料文件？
D1	batch10_d4	8	ENV-09	第93條	選項b 疑似也對	應於每年二月底前申報前一年七月至十二月之資料每年八月底前申報	事業或污水下水道系統之一般申報期間為何？
D4	batch10_d4	13	ENV-09	第97條	選項a與b過於相似	0.98	工業區專用污水下水道系統之溝渠及管線巡查檢修頻率為何？
D4	batch10_d4	17	ENV-09	第99條	選項a與b過於相似	0.97	工業區專用污水下水道系統對納管用戶之分項檢測頻率規定為何？
D1	batch10_d4	22	ENV-09	第102條	選項b 疑似也對	次以上時應以書面提報異常進流改善計畫報請主管機關審查核准並依	工業區專用污水下水道系統之緊急應變放流口於多久內使用幾次以上時，應提報異常進流改
D2	batch10_d4	24	ENV-09	第104條	正確選項缺依據	該條業經刪除，應設置自動監測設施之對象改依第一百零五條規定認定	本辦法第一百零四條之現行效力為何？
D4	batch10_d4	29	ENV-09	第106條之2	選項a與b過於相似	0.98	事業設置之自動監測設施連線傳輸資料有虛偽不實或造假情事者，應如何辦理？
D4	batch10_d4	30	ENV-09	第107條	選項a與b過於相似	0.97	自動監測（視）設施之主機、數據採擷及處理系統汰換與原設置廠牌或型號不同時，應如何
D2	batch10_d4	33	ENV-09	第109條	正確選項缺依據	該條業經刪除，自動監測設施之傳輸作業改依第一百零八條規定辦理	本辦法第一百零九條之現行效力為何？
D2	batch10_d4	36	ENV-09	第111條	正確選項缺依據	該條業經刪除，事業無須再依該條規定辦理相關事項	本辦法第一百十一條之現行效力為何？
D2	batch10_d4	37	ENV-09	第111條之1	正確選項缺依據	以日曆天為準	本辦法所定期限日數規定之認定，應以何者為準？
D2	batch10_d4	39	ENV-09	第113條	正確選項缺依據	該條業經刪除，事業無須再依該條規定辦理相關事項	本辦法第一百十三條之現行效力為何？
D2	batch10_d4	40	ENV-09	第113條之1	正確選項缺依據	該條業經刪除，事業無須再依該條規定辦理相關事項	本辦法第一百十三條之一之現行效力為何？
D1	batch10_d4	42	ENV-09	第114條	選項d 疑似也對	一百零二年三月八日修正發布之第四十九條之一自一百零四年一月一	本辦法之施行日期規定為何？
D3	batch10_d4	42	ENV-09	第114條	選項a 中英數值不同	zh多:[7.0] en多:[49.0, 75.0]	本辦法之施行日期規定為何？
D3	batch10_d4	42	ENV-09	第114條	選項b 中英數值不同	zh多:[7.0] en多:[49.0, 75.0]	本辦法之施行日期規定為何？
D3	batch10_d4	42	ENV-09	第114條	選項d 中英數值不同	zh多:[7.0] en多:[49.0, 75.0]	本辦法之施行日期規定為何？
D5	batch10_e1	14	ENV-10	第13條	題幹疑似洩答	一般廢棄物回收貯存設備	各級執行機關就一般廢棄物回收、貯存設備之設置，其法定義務為何？
D2	batch10_e1	23	ENV-10	第21條	正確選項缺依據	該條業經刪除而無現行內容；應回收廢棄物之指定、責任業者繳費、基金運用、補貼及標誌	關於應回收廢棄物回收清除處理制度，本法第二十一條之現行狀態及該領域現行規範依據為
D5	batch10_e1	38	ENV-10	第34條	題幹疑似洩答	中央目的事業主管機關	事業無法自行清理其事業廢棄物且無處理機構可供委託處理時，中央目的事業主管機關得會
D5	batch10_e2	2	ENV-10	第42條	題幹疑似洩答	分級專業技術人員設置	公民營廢棄物清除處理機構應具備之條件、分級、專業技術人員設置及許可期限等事項，其
D1	batch10_e2	5	ENV-10	第45條	選項b 疑似也對	年以下有期徒刑得併科新臺幣一千萬元以下罰金	違反第十二條、第二十八條第一項、第三十六條第一項、第三十九條或第四十一條第一項規
D1	batch10_e2	5	ENV-10	第45條	選項c 疑似也對	處三年以上十年以下有期徒刑得併科新臺幣二千五百萬元以下罰金	違反第十二條、第二十八條第一項、第三十六條第一項、第三十九條或第四十一條第一項規
D1	batch10_e2	5	ENV-10	第45條	選項d 疑似也對	處一年以上七年以下有期徒刑得併科新臺幣二千萬元以下罰金	違反第十二條、第二十八條第一項、第三十六條第一項、第三十九條或第四十一條第一項規
D2	batch10_e2	27	ENV-10	第61條	正確選項缺依據	該條業經刪除而無現行內容；違反本法之刑事處罰、行政罰鍰、情節重大認定及裁罰準則等	關於違反本法之處罰體系，本法第六十一條之現行狀態及該領域現行規範依據為何？
D3	batch10_e2	28	ENV-10	第62條	選項c 中英數值不同	zh多:[180.0] en多:[80.0]	依本法限期改善或申報，其改善或申報期間之上限為何？得否延長？
D2	batch10_e2	31	ENV-10	第64條	正確選項缺依據	該條業經刪除而無現行內容；罰鍰及清除處理費未繳之強制執行與裁罰準則等事項，現依第	關於本法罰鍰之執行與救濟，本法第六十四條之現行狀態及該領域現行規範依據為何？
D2	batch10_e2	32	ENV-10	第65條	正確選項缺依據	移送強制執行	依本法所處之罰鍰拒不繳納者，應如何處理？
D5	batch10_e2	44	ENV-10	第74條	題幹疑似洩答	廢棄物研究訓練及管理之有關事宜	主管機關、目的事業主管機關就廢棄物研究、訓練及管理之有關事宜，得為何種處置？
D3	batch10_e2	47	ENV-10	第77條	選項a 中英數值不同	zh多:[6.0, 16.0] en多:[39.0]	本法之施行日期為何？一百十五年六月十六日修正之第三十九條至第三十九條之五及相關處
D3	batch10_e3	2	ENV-11	第2條	選項c 中英數值不同	zh多:[100.0] en多:[6.0]	本標準所稱滅菌法之指標微生物削減率至少須達多少？破壞去除效率（DRE）之定義為何
D3	batch10_e3	10	ENV-11	第8條	選項d 中英數值不同	zh多:[180.0] en多:[80.0]	感染性廢棄物於廢棄物產出機構之貯存條件為何？以熱處理法及滅菌法處理者應分別以何種
D3	batch10_e3	21	ENV-11	第17條	選項a 中英數值不同	zh多:[35.0] en多:[5.0, 30.0]	有害事業廢棄物送達處理機構所載不符時應如何處理？事業應於清運後幾日內主動追蹤？聯
D2	batch10_e3	54	ENV-11	第44條	正確選項缺依據	該條業經刪除而無現行內容；替代處理方法核准、委託清理書面契約及檢測報告檢附等，現	關於事業廢棄物清理之契約及替代處理方法規範，本標準第四十四條之現行狀態及該領域現
D2	batch10_e3	56	ENV-11	第46條	正確選項缺依據	自發布日施行	本標準之施行日期為何？
D5	batch10_e4	9	ENV-24	第10條	題幹疑似洩答	源頭減量及資源循環推動機制	目的事業主管機關就源頭減量及資源循環推動機制，負有何種義務？
D1	batch10_e4	41	ENV-24	第42條	選項b 疑似也對	千元以上十五萬元以下罰鍰並通知限期改善屆期仍未完成改善者按次	指定物品或其包裝、容器之製造、輸入業者違反第十六條第一項重複使用公告，或違反第十
D3	batch10_e5	8	ENV-12	參、剩餘土石方處理方針	選項b 中英數值不同	zh多:[24.0] en多:[4.0, 20.0]	公共工程主辦機關應於招標文件及契約書規定承包廠商於何時上網申報？主辦機關應於何時
D5	batch10_e5	19	ENV-12	陸、機關權責分工原則	題幹疑似洩答	授權屬鄉鎮市公所執行	直轄市政府及縣（市）政府就營建剩餘土石方負有何種權責？經授權屬鄉（鎮、市）公所執
D5	batch10_f1	10	ENV-14	第8條	題幹疑似洩答	環境分類品質標準及海	中央主管機關就海域環境分類、品質標準及海洋管制區之訂定權限為何？
D3	batch10_f2	24	ENV-14	第50條	選項d 中英數值不同	zh多:[4.0] en多:[20.0, 21.0, 25.0, 30.0]	第五十條所定罰鍰之適用情形，涵蓋哪些條文所定之義務違反？
D3	batch10_f2	36	ENV-14	第60條	選項c 中英數值不同	zh多:[4.0] en多:[11.0, 30.0, 36.0]	哪些監測、製作或申報義務之違反，應處新臺幣二十萬元以上一百萬元以下罰鍰？
D3	batch10_f2	37	ENV-14	第61條	選項c 中英數值不同	zh多:[180.0] en多:[80.0]	未依規定繳納期限繳納海洋污染防治費者，應如何加計利息？逾期多久仍未繳納者處以罰鍰
D1	batch10_f3	3	ENV-15	第3條	選項c 疑似也對	部在直轄市為直轄市政府在縣市為縣市政府	本法所稱主管機關為何？
D1	batch10_f3	3	ENV-15	第3條	選項d 疑似也對	部在直轄市為直轄市政府在縣市為縣市政府	本法所稱主管機關為何？
D3	batch10_f3	5	ENV-15	第5條	選項d 中英數值不同	zh多:[45.0] en多:[5.0, 40.0]	中央主管機關應於何時劃定公告海岸地區範圍？公開展覽期間有何要求？
D2	batch10_f3	49	ENV-15	第41條	正確選項缺依據	得沒入之	因第三十二條第一項、第三十三條第一項或第三十四條第一項之行為所生或所得之物及所用
D2	batch10_f3	50	ENV-15	第42條	正確選項缺依據	沒收之	犯本法之罪者，其所生或所得之物及所用之物應如何處理？
D2	batch10_f3	54	ENV-15	第46條	正確選項缺依據	自公布日施行	本法之施行日期如何規定？
D1	batch10_f4	16	ENV-16	第22條	選項b 疑似也對	十萬元以下罰鍰但原住民基於傳統文化祭儀生活所需之利用的行為不	於海洋庇護區之緩衝區內未經許可從事禁止行為者，應如何處罰？有無除外規定？
D3	batch10_f4	36	ENV-16	第26條	選項b 中英數值不同	zh多:[24.0] en多:[20.0]	違反核心區、緩衝區、永續利用區規定或第十四條第一項公告事項者，主管機關應命其接受
D3	batch10_f4	36	ENV-16	第26條	選項d 中英數值不同	zh多:[48.0] en多:[40.0]	違反核心區、緩衝區、永續利用區規定或第十四條第一項公告事項者，主管機關應命其接受
D2	batch10_f4	42	ENV-16	第31條	正確選項缺依據	由行政院定之	本法之施行日期如何規定？
D1	batch10_g2	5	ENV-17	第34條	選項b 疑似也對	應具備適當場所及設備並注意安全及衛生其場所設備標準及飼養管理	飼養或繁殖保育類或具有危險性之野生動物，對場所設備有何要求？相關標準及辦法由誰訂
D1	batch10_g2	27	ENV-17	第50條	選項c 疑似也對	處新臺幣二萬元以上十萬元以下罰鍰	在野生動物保護區內違反公告管制事項而獵捕、宰殺一般類野生動物者，其罰鍰為何？
D2	batch10_g2	34	ENV-17	第51條之1	正確選項缺依據	使用第19條第1項第1款炸藥爆裂物、第7款獸鋏或第8款其他經公告禁止之方法者	第51條之1之專屬罰則，適用於原住民族使用哪些禁止獵捕方式之情形？
D1	batch10_g3	9	ENV-18	第7條	選項b 疑似也對	應設審議小組由專家學者社會公正人士及政府機關代表組成其中專家	中央主管機關辦理重要濕地評定及計畫擬訂之審議，應如何組成審議小組？
D3	batch10_g3	14	ENV-18	第10條	選項a 中英數值不同	zh多:[180.0] en多:[80.0]	重要濕地評定、變更及廢止之審議，應於何時完成？得否延長？
D3	batch10_g3	14	ENV-18	第10條	選項b 中英數值不同	zh多:[180.0] en多:[80.0]	重要濕地評定、變更及廢止之審議，應於何時完成？得否延長？
D3	batch10_g3	16	ENV-18	第12條	選項b 中英數值不同	zh多:[180.0] en多:[80.0]	暫定重要濕地如何產生？經公告為暫定重要濕地者，應於多久內完成評定？
D3	batch10_g3	22	ENV-18	第15條	選項a 中英數值不同	zh多:[51.0] en多:[5000.0]	重要濕地保育利用計畫之計畫圖比例尺有何限制？鄰接之其他濕地應如何處理？
D3	batch10_g3	22	ENV-18	第15條	選項b 中英數值不同	zh多:[20001.0] en多:[25000.0]	重要濕地保育利用計畫之計畫圖比例尺有何限制？鄰接之其他濕地應如何處理？
D3	batch10_g3	22	ENV-18	第15條	選項c 中英數值不同	zh多:[11.0] en多:[1000.0]	重要濕地保育利用計畫之計畫圖比例尺有何限制？鄰接之其他濕地應如何處理？
D3	batch10_g3	22	ENV-18	第15條	選項d 中英數值不同	zh多:[11.0] en多:[100000.0]	重要濕地保育利用計畫之計畫圖比例尺有何限制？鄰接之其他濕地應如何處理？
D1	batch10_g3	26	ENV-18	第18條	選項b 疑似也對	十日內將計畫書圖公告並登載於政府公報及新聞紙並以專屬網頁網際	重要濕地保育利用計畫經核定後，主管機關應於何時、以何種方式公告？
D1	batch10_g3	26	ENV-18	第18條	選項c 疑似也對	之日起算三十日內將計畫書圖公告並登載於政府公報及新聞紙並以專	重要濕地保育利用計畫經核定後，主管機關應於何時、以何種方式公告？
D1	batch10_g3	45	ENV-18	第35條	選項b 疑似也對	十萬元以下罰鍰並命其停止使用行為限期改正或恢復原狀屆期未停止	違反允許明智利用項目管理規定、國際級國家級濕地開發建築限制、或第25條第1款至第
D3	batch10_g3	49	ENV-18	第39條	選項d 中英數值不同	zh多:[24.0] en多:[4.0, 20.0, 25.0, 35.0]	違反本法哪些規定者，除依法處罰外並應接受環境教育課程？時數為何？
D3	batch10_h1	11	ENV-19	第7條	選項c 中英數值不同	zh多:[24.0] en多:[4.0, 20.0]	主管機關為查證工作時發現污染有影響人體健康、農漁業生產或飲用水水源之虞者，得採應
D3	batch10_h1	22	ENV-19	第15條	選項c 中英數值不同	zh多:[4.0] en多:[5.0, 7.0]	第十五條第一項各款應變必要措施中，主管機關得命污染行為人、潛在污染責任人、污染土
D3	batch10_h2	16	ENV-19	第39條	選項d 中英數值不同	zh多:[180.0] en多:[80.0]	未依第二十八條第二項所定收費辦法於期限內繳納整治費者，應如何加計利息？逾期多久仍
D3	batch10_h2	27	ENV-19	第43條	選項d 中英數值不同	zh多:[180.0] en多:[80.0]	應繳納之費用屆期未繳納者，滯納金如何加徵？逾期多久仍未繳納者處罰鍰？
D5	batch10_h2	33	ENV-19	第48條	題幹疑似洩答	輔導事業預防及整治土壤及地下水污染	依本法規定，輔導事業預防及整治土壤及地下水污染之機關為何？
D3	batch10_h2	37	ENV-19	第51條	選項a 中英數值不同	zh多:[4.0] en多:[40.0]	土地開發行為人於整治場址公告解除列管且開發計畫實施前，應依何基準繳交款項？比率為
D5	batch10_h3	34	ENV-20	第30條	題幹疑似洩答	製造或輸入量及物質種類分為	化學物質資料登錄之內容包括哪些項目？依製造或輸入量及物質種類分為哪幾種登錄？
D3	batch10_h4	3	ENV-20	第41條	選項b 中英數值不同	zh多:[24.0] en多:[4.0, 20.0]	毒化物及經指定公告具危害性之關注化學物質發生哪些情形時，運作人應如何處理？至遲應
D3	batch10_h4	4	ENV-20	第41條	選項c 中英數值不同	zh多:[24.0] en多:[4.0, 20.0]	運送過程發生突發事故時，運作人或所有人應於多久內派員至現場？事故後應製作何種文件
D1	batch10_h4	16	ENV-20	第52條	選項b 疑似也對	除處罰其行為人外對該法人或自然人亦科以各該條	法人之負責人、代理人、受僱人或其他從業人員因執行業務犯第五十條、第五十一條之罪者
D5	batch10_i1	25	ENV-22	第17條	題幹疑似洩答	氣候變遷調適能力建構事項	依第17條規定，國民、事業及團體對氣候變遷調適能力建構事項負有何種責任？
D5	batch10_i1	31	ENV-22	第21條、第49條	題幹疑似洩答	通知限期補正或改善屆期	事業違反依第21條第2項所定辦法中有關盤查、登錄頻率、紀錄、期限或管理之規定，經
D2	batch10_i1	36	ENV-22	第24條	正確選項缺依據	由中央主管機關訂定辦法規範之	第24條第1項所稱一定規模、增量抵換一定比率、期程及代金之計算與繳納期限等事項，
D2	batch10_i1	39	ENV-22	第26條	正確選項缺依據	折抵事業依本法應繳納之罰鍰金額及其滯納金	依第26條，減量額度之用途不包括下列何者？
D2	batch10_i2	0	ENV-22	第32條	正確選項缺依據	依本法各條規定裁處事業所得之罰鍰及其加徵之滯納金收入	依第32條，溫室氣體管理基金之來源不包括下列何者？
D3	batch10_i2	37	ENV-22	第57條	選項c 中英數值不同	zh多:[180.0] en多:[80.0]	依本法通知限期補正、改善或申報者，其期間以多久為限？因不可抗力未能完成時應如何辦
D2	batch10_i2	45	ENV-22	第63條	正確選項缺依據	自公布日施行	本法之施行日期為何？
D2	batch11_a1	0	OSH-07	第1條	正確選項缺依據	職業安全衛生法第六條第三項	職業安全衛生設施規則係依據下列何項規定訂定？
D5	batch11_a1	1	OSH-07	第2條	題幹疑似洩答	之安全衛生設備及措施	職業安全衛生設施規則就雇主之安全衛生設備及措施，具有何種地位？
D2	batch11_a1	7	OSH-07	第10條	正確選項缺依據	本條業經刪除，現行規則已無規定內容	職業安全衛生設施規則第10條之現行條文內容為何？
D2	batch11_a1	9	OSH-07	第14條	正確選項缺依據	氯酸鉀等氯酸鹽類	下列何者屬本規則第14條所列之氧化性物質？
D1	batch11_a1	10	OSH-07	第15條	選項c 疑似也對	大氣壓下攝氏十五度時具有可燃性之氣體	本規則所稱可燃性氣體，其概括定義之條件為何？
D2	batch11_a1	14	OSH-07	第19條	正確選項缺依據	本條已刪除，現行規則未有任何規定內容	職業安全衛生設施規則第19條之現行條文內容為何？
D2	batch11_a1	21	OSH-07	第26條	正確選項缺依據	本條經修正刪除，現行條文並無規定內容	職業安全衛生設施規則第26條之現行條文內容為何？
D2	batch11_a1	24	OSH-07	第28條	正確選項缺依據	本條業已刪除，目前並無任何規定內容	職業安全衛生設施規則第28條之現行條文內容為何？
D2	batch11_a1	25	OSH-07	第29條之3	正確選項缺依據	應禁止無關人員進入並於入口公告，非作業期間另採上鎖或阻隔等管制	對於局限空間作業場所之人員管制，本規則規定為何？
D2	batch11_a2	5	OSH-07	第67條	正確選項缺依據	應禁止勞工進入，並加以標示	對於自動輸材台或帶鋸輸材台與鋸齒之間，雇主應如何辦理？
D3	batch11_a2	10	OSH-07	第75條	選項b 中英數值不同	zh多:[8.0] en多:[80.0]	對於離心機械之使用，本規則就轉速有何規定？
D2	batch11_a2	11	OSH-07	第77條	正確選項缺依據	應使機械停止運轉，但作業需要不能停止且以工具取出不致危及安全者除外	自粉碎機或混合機取出內裝物時，本規則之規定為何？
D2	batch11_a2	14	OSH-07	第80條	正確選項缺依據	導梭	對於置有紗梭之織機，雇主應裝置何種設備？
D2	batch11_a2	27	OSH-07	第100條	正確選項缺依據	已變形或已龜裂者	下列何種吊鉤、鉤環或鏈環，不得作為起重升降機具之吊掛用具？
D2	batch11_a2	38	OSH-07	第114條	正確選項缺依據	本條業經刪除，現行規則並無規定內容	職業安全衛生設施規則第114條之現行條文內容為何？
D2	batch11_a2	43	OSH-07	第123條	正確選項缺依據	本條已刪除，目前並無任何規定之內容	職業安全衛生設施規則第123條之現行條文內容為何？
D2	batch11_a3	5	OSH-07	第128條之6	正確選項缺依據	原則不得搭載；於平坦堅固場所並規定信號、指定引導人員及適當速率者除外	無工作台操作行駛構造之高空工作車行駛時，勞工搭載於工作台上之限制為何？
D1	batch11_a3	7	OSH-07	第128條之8	選項b 疑似也對	國家標準CNS16368CNS16653系列CNS18893	高空工作車之構造所應符合之標準，如國家標準與國際標準不一致時，以何者為準？
D2	batch11_a3	9	OSH-07	第130條	正確選項缺依據	應使用適當之連結裝置	對於連結軌道機械車輛時，本規則規定應如何辦理？
D2	batch11_a3	25	OSH-07	第147條	正確選項缺依據	應具良好視野之構造，並為防止駕駛者跌落設置護圍等	對行駛於軌道之動力車駕駛座，本規則規定為何？
D2	batch11_a3	27	OSH-07	第149條	正確選項缺依據	駕駛離開位置時應採煞車等措施防止逸走；操作捲揚裝置者操作時不得離開位置	對於駕駛動力車者及操作捲揚裝置者，本規則分別有何規定？
D2	batch11_a3	40	OSH-07	第168條	正確選項缺依據	本條業經刪除，現行規則已無規定內容	職業安全衛生設施規則第168條之現行條文內容為何？
D3	batch11_a4	8	OSH-07	第181條	選項c 中英數值不同	zh多:[24.0] en多:[4.0, 20.0]	對於以水處理高熱礦渣或廢棄高熱礦渣之場所，本規則規定為何？
D2	batch11_a4	17	OSH-07	第186條	正確選項缺依據	本條業經刪除，現行規則已無規定內容	職業安全衛生設施規則第186條之現行條文內容為何？
D2	batch11_a4	29	OSH-07	第202條	正確選項缺依據	開始使用或變更乾燥方法時，事先告知有關勞工作業方法，並直接指揮作業	對於乾燥作業，本規則規定應指定專人辦理之事項為何？
D2	batch11_a5	5	OSH-07	第239條	正確選項缺依據	國家標準規格	雇主使用之電氣器材及電線等，本規則規定應符合何種規格？
D1	batch11_a5	28	OSH-07	第270條	選項b 疑似也對	兩邊皆為露出帶電部分且無隔離之防護者	本規則所稱之「工作環境乙」，其意義為何？
D1	batch11_a5	28	OSH-07	第270條	選項c 疑似也對	水平工作空間一邊有露出帶電部分另一邊無露出	本規則所稱之「工作環境乙」，其意義為何？
D2	batch11_a5	29	OSH-07	第271條	正確選項缺依據	應設適當之通路	對於配電盤後面如裝設有高壓器具或電線時，本規則規定應如何辦理？
D2	batch11_a6	3	OSH-07	第291條	正確選項缺依據	本條業經刪除，現行規則已無規定內容	職業安全衛生設施規則第291條之現行條文內容為何？
D2	batch11_a6	13	OSH-07	第299條之1	正確選項缺依據	作業期間應採取出入口之門或蓋不致閉鎖之措施；門蓋易自內部開啟者除外	使勞工於冷藏室、冷凍室、地窖等密閉設施內部作業時，本規則規定為何？
D1	batch11_a6	18	OSH-07	第306條	選項c 疑似也對	球溫度超過攝氏二十七度或濕球與乾球溫度相差攝氏	人工濕潤工作場所於何種溫度條件下，應立即停止人工濕潤？
D2	batch11_a6	24	OSH-07	第316條	正確選項缺依據	應予適當消毒	工作場所之底板、周圍牆壁、容器等有被生物病原體污染之虞者，應如何辦理？
D2	batch11_a6	26	OSH-07	第321條	正確選項缺依據	本條已刪除，目前並無任何規定內容	職業安全衛生設施規則第321條之現行條文內容為何？
D2	batch11_a6	28	OSH-07	第324條	正確選項缺依據	本條經修正刪除，現行條文並無內容	職業安全衛生設施規則第324條之現行條文內容為何？
D2	batch11_a6	34	OSH-07	第326條之2	正確選項缺依據	本條業已刪除，並無任何規定之內容	職業安全衛生設施規則第326條之2之現行條文內容為何？
D2	batch11_a6	35	OSH-07	第326條之3	正確選項缺依據	本條經刪除，現行規則未定任何內容	職業安全衛生設施規則第326條之3之現行條文內容為何？
D2	batch11_a6	36	OSH-07	第326條之4	正確選項缺依據	本條業經刪除，現行條文無規定內容	職業安全衛生設施規則第326條之4之現行條文內容為何？
D2	batch11_a6	37	OSH-07	第326條之5	正確選項缺依據	本條已刪除，現行規則並無規定內容	職業安全衛生設施規則第326條之5之現行條文內容為何？
D2	batch11_a6	38	OSH-07	第326條之6	正確選項缺依據	本條經修正刪除，已無任何規定內容	職業安全衛生設施規則第326條之6之現行條文內容為何？
D2	batch11_a6	39	OSH-07	第326條之7	正確選項缺依據	本條業已刪除，現行規則無規定內容	職業安全衛生設施規則第326條之7之現行條文內容為何？
D2	batch11_a6	40	OSH-07	第326條之8	正確選項缺依據	本條刪除後，現行條文並無規定內容	職業安全衛生設施規則第326條之8之現行條文內容為何？
D2	batch11_a6	41	OSH-07	第326條之9	正確選項缺依據	本條業經刪除，並無現行之規定內容	職業安全衛生設施規則第326條之9之現行條文內容為何？
D3	batch11_a6	43	OSH-07	第328條	選項a 中英數值不同	zh多:[7.0] en多:[21.0]	本規則中華民國一百十五年六月三十日修正發布之條文，其施行日期原則為何？
D3	batch11_a6	43	OSH-07	第328條	選項c 中英數值不同	zh多:[7.0] en多:[57.0]	本規則中華民國一百十五年六月三十日修正發布之條文，其施行日期原則為何？
D3	batch11_b1	3	OSH-41	第6條	選項a 中英數值不同	zh多:[300.0] en多:[200.0]	毒性氣體之容許濃度依何規定認定？除列舉氣體外之一般門檻為多少？
D3	batch11_b1	3	OSH-41	第6條	選項b 中英數值不同	zh多:[200.0] en多:[100.0]	毒性氣體之容許濃度依何規定認定？除列舉氣體外之一般門檻為多少？
D3	batch11_b1	3	OSH-41	第6條	選項c 中英數值不同	zh多:[600.0] en多:[500.0]	毒性氣體之容許濃度依何規定認定？除列舉氣體外之一般門檻為多少？
D3	batch11_b1	3	OSH-41	第6條	選項d 中英數值不同	zh多:[150.0] en多:[50.0]	毒性氣體之容許濃度依何規定認定？除列舉氣體外之一般門檻為多少？
D2	batch11_b1	7	OSH-41	第11條	正確選項缺依據	低溫容器得以絕熱材料被覆或以冷凍設備冷卻，為超低溫容器以外供灌裝液化氣體者	低溫容器與超低溫容器之區別為何？
D3	batch11_b1	14	OSH-41	第18條	選項a 中英數值不同	zh多:[9.0] en多:[0.9]	壓縮氣體儲存設備與液化氣體儲存設備之儲存能力計算式各為何？
D3	batch11_b1	14	OSH-41	第18條	選項b 中英數值不同	zh多:[8.0] en多:[0.8]	壓縮氣體儲存設備與液化氣體儲存設備之儲存能力計算式各為何？
D3	batch11_b1	14	OSH-41	第18條	選項d 中英數值不同	zh多:[9.0] en多:[0.9]	壓縮氣體儲存設備與液化氣體儲存設備之儲存能力計算式各為何？
D3	batch11_b1	15	OSH-41	第18條	選項c 中英數值不同	zh多:[9.0] en多:[0.9]	儲存能力算式中Ｐ值指儲存設備在何溫度時之最高灌裝壓力？液化氣體容器之儲存能力如何
D3	batch11_b1	18	OSH-41	第20條	選項a 中英數值不同	zh多:[8.0] en多:[0.08]	冷凍能力算式Ｒ＝Ｖ／Ｃ中，以多段壓縮方式或多元冷凍方式之製造設備，其Ｖ值如何計算
D3	batch11_b1	18	OSH-41	第20條	選項b 中英數值不同	zh多:[8.0] en多:[0.08]	冷凍能力算式Ｒ＝Ｖ／Ｃ中，以多段壓縮方式或多元冷凍方式之製造設備，其Ｖ值如何計算
D3	batch11_b1	18	OSH-41	第20條	選項c 中英數值不同	zh多:[8.0] en多:[0.8]	冷凍能力算式Ｒ＝Ｖ／Ｃ中，以多段壓縮方式或多元冷凍方式之製造設備，其Ｖ值如何計算
D3	batch11_b1	18	OSH-41	第20條	選項d 中英數值不同	zh多:[8.0] en多:[0.8]	冷凍能力算式Ｒ＝Ｖ／Ｃ中，以多段壓縮方式或多元冷凍方式之製造設備，其Ｖ值如何計算
D3	batch11_b1	41	OSH-41	第47條	選項c 中英數值不同	zh多:[9.0] en多:[90.0]	高壓氣體設備中可進行溫度變化之反應、分離、蒸餾、熱交換及加熱設備，應設置何種裝置
D3	batch11_b1	42	OSH-41	第48條	選項c 中英數值不同	zh多:[9.0] en多:[90.0]	高壓氣體設備、儲存設備或冷媒設備，應設置何種計器及安全裝置？
D3	batch11_b2	18	OSH-41	第78條	選項a 中英數值不同	zh多:[4.0, 9.0] en多:[90.0]	霧劑之製造作業，對製造設備四周及霧劑之壓力與容量有何規定？
D3	batch11_b2	18	OSH-41	第78條	選項b 中英數值不同	zh多:[4.0, 8.0] en多:[80.0]	霧劑之製造作業，對製造設備四周及霧劑之壓力與容量有何規定？
D3	batch11_b2	18	OSH-41	第78條	選項c 中英數值不同	zh多:[7.0] en多:[70.0]	霧劑之製造作業，對製造設備四周及霧劑之壓力與容量有何規定？
D2	batch11_b2	20	OSH-41	第81條	正確選項缺依據	應埋設於地盤內	經認定對公共具有危險之液化石油氣儲槽，應如何設置？
D2	batch11_b2	22	OSH-41	第84條	正確選項缺依據	事業場所境界警戒標示、氣密構造、耐壓與氣密試驗、防爆電氣設備及容器放置場等規定	甲類製造事業單位之第二種製造設備，下列何者屬其應準用之規定？
D2	batch11_b2	24	OSH-41	第87條	正確選項缺依據	液化石油氣儲槽之耐熱性構造或冷卻用撒水設備，及儲槽埋設於地盤內等相關規定	加氣站之設置，除第八十五條、第八十六條外，下列何者屬其準用之規定？
D2	batch11_b2	31	OSH-41	第94條	正確選項缺依據	境界警戒標示、冷凍設備壓縮機設置限制、冷媒設備之耐壓氣密試驗及承液器液面計等	甲類製造事業單位之冷凍用高壓氣體製造設備，下列何者屬其準用之規定？
D2	batch11_b2	32	OSH-41	第95條	正確選項缺依據	境界警戒標示、可燃性氣體儲槽塗紅色、氣密構造、防爆電氣設備及毒性氣體危害標示等	乙類製造事業單位之固定式製造設備，下列何者屬其準用之規定？
D2	batch11_b2	33	OSH-41	第96條	正確選項缺依據	準用不得靠近危險性物質堆積場所、警戒標示、耐壓氣密試驗及滅火設備等規定	乙類製造事業單位之移動式製造設備，其設置準用何種規定？
D2	batch11_b2	35	OSH-41	第98條	正確選項缺依據	境界警戒標示、儲槽塗紅色、耐震構造、壓力表與安全裝置、液面計及防爆電氣設備等	乙類液化石油氣製造事業單位之固定式製造設備，下列何者屬其準用之規定？
D2	batch11_b2	37	OSH-41	第100條	正確選項缺依據	準用高壓氣體設備耐壓與氣密試驗、厚度規定及安全閥停止閥全開放等規定	甲類及乙類製造事業單位以外之製造事業單位，以緩衝裝置及中央主管機關規定之設施從事
D2	batch11_b2	40	OSH-41	第103條	正確選項缺依據	準用工程終了時應以氧氣以外氣體試運轉或以最高使用壓力以上壓力實施氣密試驗之規定	甲類及乙類製造事業單位以外之冷凍高壓氣體製造事業單位，其製造作業準用何規定？
D1	batch11_b2	44	OSH-41	第107條	選項b 疑似也對	應明確標示使用期間不得超過有效期限	壓縮天然氣之灌氣容器等，對使用期間應如何標示？
D1	batch11_b2	44	OSH-41	第107條	選項c 疑似也對	應明確標示使用期間不得超過有效期限	壓縮天然氣之灌氣容器等，對使用期間應如何標示？
D1	batch11_b2	44	OSH-41	第107條	選項d 疑似也對	應明確標示使用期間不得超過有效期限	壓縮天然氣之灌氣容器等，對使用期間應如何標示？
D2	batch11_b3	3	OSH-41	第112條	正確選項缺依據	準用消防設備、供應紀錄簿冊、容器狀態、消費設備確認、儲槽儲存及容器儲存等規定	以第二種供應設備供應液化石油氣時，其設置準用何規定？
D2	batch11_b3	5	OSH-41	第115條	正確選項缺依據	準用冷凍設備應採取翻落翻倒衝擊預防措施之規定	冷凍高壓氣體之儲存，準用何項規定？
D2	batch11_b3	8	OSH-41	第119條	正確選項缺依據	境界警戒標示、儲槽間安全距離、防液堤、耐震構造、緊急遮斷裝置及漏洩警報等規定	以儲槽儲存高壓氣體之高壓氣體儲存場，下列何者屬其準用之規定？
D2	batch11_b3	9	OSH-41	第120條	正確選項缺依據	儲槽耐熱構造或冷卻撒水設備、儲槽埋設於地盤內、儲槽室構造及防鏽措施等規定	以儲槽儲存液化石油氣之液化石油氣儲存場，下列何者屬其準用之規定？
D2	batch11_b3	14	OSH-41	第127條	正確選項缺依據	應設高度檢知桿	固定於車輛運輸之容器，其頂部或突出物最高部超過該車輛最高點者，應設何種設施？
D2	batch11_b3	21	OSH-41	第153條	正確選項缺依據	準用導管之設置規定，包括埋設深度、耐壓氣密試驗、厚度、防蝕及標示等	以導管運輸高壓氣體時，準用何項規定？
D2	batch11_b3	39	OSH-41	第173條	正確選項缺依據	準用訂定作業計畫、指定作業負責人、置換內部氣體、設盲板阻隔及懸掛禁止操作標示牌等	從事消費設備之修理、清掃等作業，應準用何項規定？
D2	batch11_b3	44	OSH-41	第178條	正確選項缺依據	境界警戒標示、材料選用、耐壓氣密試驗、壓力表安全裝置、漏洩警報及儲存設備五公尺禁	特定液化石油氣消費設備，除距離八公尺及消防設備規定外，下列何者屬其準用之規定？
D2	batch11_b4	0	OSH-41	第179條	正確選項缺依據	準用考慮閥之材料構造使用狀況以防止過巨之力加諸於閥上並訂入工作守則之規定	操作可燃性氣體、毒性氣體及氧氣之灌氣容器等之閥，應準用何項規定？
D2	batch11_b4	9	OSH-41	第189條	正確選項缺依據	準用特定高壓氣體消費設施自境界警戒標示至操作閥防止過巨之力等一系列規定	可燃性氣體、毒性氣體及氧氣之消費，除第一百七十九條至第一百八十七條規定外，準用何
D2	batch11_b4	12	OSH-41	第192條	正確選項缺依據	準用儲存相關設備四周五公尺禁煙火、閥操作措施、修理清掃作業及加熱方式等規定	一般液化石油氣之消費，除第一百九十條至第一百九十一條之一規定外，準用何項規定？
D2	batch11_b4	27	OSH-41	第207條	正確選項缺依據	應適合氣密與耐壓試驗壓力規定，及防止振動衝擊腐蝕致冷媒外洩之規定	冷凍機器之冷媒設備中，除受容器規定規範者外，其材料及構造應適合何項規定？
D2	batch11_b4	30	OSH-41	第211條	正確選項缺依據	不得近接煙火處置場所或放置危險性物質場所及其附近；排放於大氣時應於通風良好場所緩	可燃性氣體之廢棄，對場所及排放方式有何規定？
D2	batch11_b4	35	OSH-41	第216條	正確選項缺依據	準用考慮閥之材料構造使用狀況以防止過巨之力加諸於閥上並訂入工作守則之規定	廢棄作業中灌氣容器等之閥類，應準用何項規定？
D3	batch11_b4	42	OSH-41	第227條	選項b 中英數值不同	zh多:[500000.0, 1000000.0] en多:[5.0]	處理能力達多少之液化石油氣甲類製造事業單位，應選任高壓氣體製造安全主任？純供灌裝
D3	batch11_b4	42	OSH-41	第227條	選項c 中英數值不同	zh多:[3000000.0, 5000000.0] en多:[5.0]	處理能力達多少之液化石油氣甲類製造事業單位，應選任高壓氣體製造安全主任？純供灌裝
D3	batch11_b5	15	OSH-41	第244條、第245條	選項a 中英數值不同	zh多:[9.0] en多:[191.0, 192.0]	本規則之施行日期為何？一百十一年九月十四日修正發布之條文有何特別規定？
D3	batch11_b5	15	OSH-41	第244條、第245條	選項b 中英數值不同	zh多:[9.0] en多:[191.0, 192.0]	本規則之施行日期為何？一百十一年九月十四日修正發布之條文有何特別規定？
D1	batch11_b5	21	OSH-44	第10條	選項b 疑似也對	個以上之出入口但無礙鍋爐操作人員緊急避難者不在此限	雇主應於鍋爐房設置幾個出入口？何種情形不在此限？
D2	batch11_c5	5	OSH-08	第13條	正確選項缺依據	安全衛生管理基本資料、製程安全評估報告書、製程修改安全計畫、緊急應變計畫、稽核管	丙類工作場所所應檢附之第九條各款應審查資料，其內容為何？
D3	batch11_c5	10	OSH-08	第19條	選項b 中英數值不同	zh多:[45.0] en多:[5.0, 40.0]	丁類工作場所之審查，檢查機構得否實施現場檢查？審查結果應於何時通知？
D3	batch11_c5	15	OSH-08	第2條、第4條、第23條之1	選項a 中英數值不同	zh多:[45.0] en多:[5.0, 40.0]	製造爆竹煙火類物品之爆竹煙火工廠，屬何類危險性工作場所？其申請期限為何？
D3	batch11_c5	15	OSH-08	第2條、第4條、第23條之1	選項d 中英數值不同	zh多:[45.0] en多:[5.0, 40.0]	製造爆竹煙火類物品之爆竹煙火工廠，屬何類危險性工作場所？其申請期限為何？
D2	batch11_d1	7	OSH-36	第10條	正確選項缺依據	該條業經刪除；原有管線妨礙施工安全者，依現行第九條規定妥善處理並取得管線權責單位	營造安全衛生設施標準第十條之現行狀態，以及工作場所原有管線妨礙施工安全時之處理依
D2	batch11_d1	9	OSH-36	第11條之1	正確選項缺依據	應提供適當之安全帽，並使作業人員正確戴用	對於進入營繕工程工作場所之作業人員，雇主在頭部防護上應盡何種義務？
D2	batch11_d1	14	OSH-36	第18條之1	正確選項缺依據	該條業經刪除；屋頂作業之指派專人督導、護欄踏板及屋頂作業主管等規定，依現行第十八	營造安全衛生設施標準第十八條之一之現行狀態為何？屋頂作業之安全規定現應依何條辦理
D2	batch11_d1	27	OSH-36	第38條	正確選項缺依據	該條業經刪除；物料之儲存章現行規範重點為儲存位置、負荷強度、緊急設備不受妨礙及各	營造安全衛生設施標準第三十八條之現行狀態為何？物料儲存章之現行規範重點為何？
D2	batch11_d2	7	OSH-36	第79條之1	正確選項缺依據	準用露天開挖章之規定，包括事前調查、傾斜度、擋土支撐及作業主管等規定	使勞工於非露天開挖場所從事開挖作業時，其安全規定應如何適用？
D5	batch11_d2	31	OSH-36	第104條	題幹疑似洩答	應設置換氣裝置並供應充分之空氣	沉箱、沉筒、井筒等設備內部開挖作業，於何種情形應設置換氣裝置並供應充分之空氣？
D2	batch11_d2	44	OSH-36	第118條	正確選項缺依據	不得在該鋼纜上加以荷重，應先排除亂股情形	基樁等施工設備之捲揚裝置，當其捲胴上鋼纜發生亂股時，應如何處理？
D2	batch11_d2	46	OSH-36	第120條	正確選項缺依據	不得擅離操作位置，應持續留守於操作位置監控機械狀況	基樁等設備之操作者，於機械有荷重時可否離開操作位置？
D5	batch11_d3	37	OSH-36	第166條	題幹疑似洩答	易燃或有害氣體之危害	油漆作業場所，為防止易燃或有害氣體之危害，應如何辦理？
D3	batch11_d3	44	OSH-36	第174條	選項a 中英數值不同	zh多:[7.0] en多:[11.0, 115.0, 116.0]	營造安全衛生設施標準一百十五年六月三十日修正發布之條文，其施行日期規定為何？
D3	batch11_d3	44	OSH-36	第174條	選項b 中英數值不同	zh多:[7.0] en多:[11.0, 115.0, 116.0]	營造安全衛生設施標準一百十五年六月三十日修正發布之條文，其施行日期規定為何？
D3	batch11_d3	44	OSH-36	第174條	選項d 中英數值不同	zh多:[7.0] en多:[18.0, 116.0, 117.0]	營造安全衛生設施標準一百十五年六月三十日修正發布之條文，其施行日期規定為何？
D1	batch11_e1	1	OSH-42	第4條	選項b 疑似也對	公噸之固定式起重機移動式起重機及人字臂起重桿	下列何種起重升降機具不適用本規則，而應依職業安全衛生設施規則辦理？
D1	batch11_e1	2	OSH-42	第6條	選項c 疑似也對	荷重扣除吊鉤抓斗等吊具之重量所得之荷重	未具伸臂之固定式起重機，其額定荷重應如何認定？
D2	batch11_e1	33	OSH-42	第46條	正確選項缺依據	製造者名稱、製造年月及吊升荷重	人字臂起重桿除標示額定荷重外，應以銘牌標示哪些事項？
D5	batch11_e1	34	OSH-42	第47條	題幹疑似洩答	得乘載或吊升勞工從事作業	人字臂起重桿是否得乘載或吊升勞工從事作業？
D2	batch11_e2	14	OSH-42	第75條	正確選項缺依據	該條業經刪除，現行條文不再有該條之實體規定	本規則第六章升降機作業安全管理中，關於原第七十五條規定之現況為何？
D1	batch11_e2	15	OSH-42	第76條	選項b 疑似也對	機安全檢查構造標準或國家標準CNS1362	雇主對於營建用升降機之構造，應符合何項規定？
D2	batch11_e2	16	OSH-42	第78條	正確選項缺依據	不得搭載人員，本條並未設有例外之但書規定	設計上專供載貨用之升降機，關於人員搭載有何規定？
D1	batch11_e2	21	OSH-42	第84條	選項c 疑似也對	積載荷重一點二倍之荷重置於搬器上實施升降動作	中型營建用提升機設置完成時應實施之荷重試驗，其荷重及紀錄保存期間為何？
D1	batch11_e2	24	OSH-42	第88條	選項b 疑似也對	搬器之升降而可能危及勞工之場所	營建用提升機使用時，雇主應禁止勞工進入之工作場所不包括下列何者？
D2	batch11_e2	24	OSH-42	第88條	正確選項缺依據	提升機基座外圍五公尺以上且無升降影響之通行區域	營建用提升機使用時，雇主應禁止勞工進入之工作場所不包括下列何者？
D1	batch11_e2	30	OSH-42	第94條	選項c 疑似也對	積載荷重一點二倍之荷重置於搬器上實施升降動作	簡易提升機設置完成時應實施之荷重試驗，其荷重及紀錄保存期間為何？
D2	batch11_e2	31	OSH-42	第95條	正確選項缺依據	應維持其效能	雇主對於簡易提升機之過捲預防裝置及其他安全裝置，應如何辦理？
D2	batch11_e2	39	OSH-42	第104條	正確選項缺依據	應禁止工作	吊籠於強風、大雨、大雪等惡劣氣候致勞工作業有危險之虞時，雇主應如何處理？
D1	batch11_f3	2	OSH-46	第2條	選項b 疑似也對	部核准投資興建及經營管理工業專用港之公民營事業機構	工業專用港之港口管理機關（構），係指何者？
D3	batch11_f3	20	OSH-46	第21條	選項a 中英數值不同	zh多:[1.5] en多:[5.0]	甲板至艙底之高度深逾多少公尺時，船方應設置安全通道供貨艙裝卸作業？
D3	batch11_f3	20	OSH-46	第21條	選項d 中英數值不同	zh多:[0.75] en多:[5.0, 7.0]	甲板至艙底之高度深逾多少公尺時，船方應設置安全通道供貨艙裝卸作業？
D1	batch11_f3	30	OSH-46	第29條	選項b 疑似也對	應在其堆放區周圍設置適當圍欄或警告標示	艙口蓋板因船上無適當位置堆放而須留置於碼頭上時，應如何處理？
D2	batch11_f3	37	OSH-46	第35條	正確選項缺依據	應設置堅固之插口供安裝金屬製艙口樑或蓋板；具取代插口功能設計者除外	船方應於艙口緣圍設置何種設備？有何例外？
D2	batch11_f4	9	OSH-46	第48條	正確選項缺依據	作業艙間有無使用乾冰、冷劑或可能缺氧情形，及有無殘留爆炸性、有毒性物質	船舶裝卸設施及作業環境詢問書之附表，包括下列何項詢問內容？
D2	batch11_f4	10	OSH-46	第48條	正確選項缺依據	是否曾由檢驗機構於規定期限內檢驗、有無檢查合格證明文件可供隨時查閱	詢問書就船舶裝卸設備所詢問之事項，主要為何？
D1	batch11_f4	13	OSH-46	第51條	選項d 疑似也對	公尺以上以利開啟艙口蓋板或移動艙口樑	堆置於船舶中層艙之貨物與艙口緣圍間之距離，船方應保持多少？
D3	batch11_f4	13	OSH-46	第51條	選項b 中英數值不同	zh多:[55.0] en多:[5.0, 50.0]	堆置於船舶中層艙之貨物與艙口緣圍間之距離，船方應保持多少？
D3	batch11_f4	13	OSH-46	第51條	選項c 中英數值不同	zh多:[75.0] en多:[5.0, 70.0]	堆置於船舶中層艙之貨物與艙口緣圍間之距離，船方應保持多少？
D3	batch11_f4	15	OSH-46	第52條	選項b 中英數值不同	zh多:[500.0] en多:[5.0]	起重機具、絞盤或其他裝卸機具上懸留物件，本標準如何規定？
D1	batch11_g1	1	OSH-48	第3條	選項b 疑似也對	不得逾第一項第一款至第七款以外勞工總數	經中央主管機關指定公告因窒礙難行而不適用勞動基準法之行業或工作者，其人數上限為何
D3	batch11_g1	1	OSH-48	第3條	選項a 中英數值不同	zh多:[5.0] en多:[7.0]	經中央主管機關指定公告因窒礙難行而不適用勞動基準法之行業或工作者，其人數上限為何
D2	batch11_g1	8	OSH-48	第10條之1	正確選項缺依據	調動後之職務等級與原職務相當，且應經勞工本人書面同意始得為之	雇主調動勞工工作時，除不得違反勞動契約約定外，應符合之原則不包括下列何者？
D2	batch11_g1	17	OSH-48	第20條	正確選項缺依據	未留用者依第十六條期間預告終止並依第十七條發給資遣費；留用者年資由新雇主繼續承認	事業單位改組或轉讓時，對未經新舊雇主商定留用之勞工及留用勞工之年資，應如何處理？
D2	batch11_g2	3	OSH-48	第63條	正確選項缺依據	應督促承攬人對其所僱勞工之勞動條件符合法令；違背職安法責任致職災者負連帶補償責任	承攬人工作場所在原事業單位範圍內或為其提供者，原事業單位之責任為何？
D5	batch11_g2	7	OSH-48	第66條、第79條	題幹疑似洩答	向技術生收取有關訓練費用	雇主可否向技術生收取有關訓練費用？違反者如何處罰？
D3	batch11_g2	8	OSH-48	第67條	選項b 中英數值不同	zh多:[8.0] en多:[80.0]	技術生訓練期滿後雇主留用者，其待遇及留用期間限制為何？
D2	batch11_g2	14	OSH-48	第76條	正確選項缺依據	違反任何人不得介入他人勞動契約抽取不法利益之規定者	勞動基準法第七十六條所定三年以下有期徒刑、拘役或科或併科四十五萬元以下罰金，係處
D2	batch11_g2	27	OSH-49	第1條	正確選項缺依據	勞動基準法第八十五條	勞動基準法施行細則之訂定法源依據為何？
D2	batch11_g2	31	OSH-49	第4條之1	正確選項缺依據	該條業經刪除，現行細則已無該條之實體規定內容	關於勞動基準法施行細則第四條之一，下列敘述何者正確？
D1	batch11_g2	34	OSH-49	第7條	選項c 疑似也對	工資之議定調整計算結算與給付之日期及方法	勞動契約應依本法有關規定約定之事項，不包括下列何者？
D2	batch11_g2	34	OSH-49	第7條	正確選項缺依據	勞工個人之信用調查結果及婚姻生育規劃等私人事項	勞動契約應依本法有關規定約定之事項，不包括下列何者？
D1	batch11_g2	36	OSH-49	第7條之2	選項c 疑似也對	競業禁止之區域應以原雇主實際營業活動之範圍為限	競業禁止之約定未逾合理範疇，應符合之規定不包括下列何者？
D1	batch11_g2	36	OSH-49	第7條之2	選項d 疑似也對	競業禁止之職業活動範圍應具體明確且與勞工原職業活動範圍相同或	競業禁止之約定未逾合理範疇，應符合之規定不包括下列何者？
D2	batch11_g2	38	OSH-49	第8條	正確選項缺依據	該條業經刪除，現行細則已無該條之實體規定內容	關於勞動基準法施行細則第八條，下列敘述何者正確？
D3	batch11_g2	41	OSH-49	第12條	選項d 中英數值不同	zh多:[8.0] en多:[80.0]	採計件工資之勞工，其所得基本工資應如何換算？
D2	batch11_g2	43	OSH-49	第14條	正確選項缺依據	該條業經刪除，現行細則已無該條之實體規定內容	關於勞動基準法施行細則第十四條，下列敘述何者正確？
D2	batch11_g2	44	OSH-49	第14條之1	正確選項缺依據	應包括工資總額、各項目給付金額、得扣除項目金額及實際發給金額；得以紙本或電子資料	本法第二十三條所定工資各項目計算方式明細，應包括之事項及提供方式為何？
D1	batch11_g3	5	OSH-49	第20條	選項c 疑似也對	依本法第三十條之一第一項第二款或第三十二條第一項第二項第四項	下列何者非屬雇主應即公告周知之情形？
D2	batch11_g3	5	OSH-49	第20條	正確選項缺依據	依本法第三十八條規定核給勞工特別休假日數並發給未休日數之工資時	下列何者非屬雇主應即公告周知之情形？
D2	batch11_g3	11	OSH-49	第23條	正確選項缺依據	該條業經刪除，現行細則已無該條之實體規定內容	關於勞動基準法施行細則第二十三條，下列敘述何者正確？
D2	batch11_g3	19	OSH-49	第28條	正確選項缺依據	該條業經刪除，現行細則已無該條之實體規定內容	關於勞動基準法施行細則第二十八條，下列敘述何者正確？
D3	batch11_g3	21	OSH-49	第29條之1	選項d 中英數值不同	zh多:[4.0, 5.0, 1000.0] en多:[10.0]	估算本法第五十六條第二項退休金數額時，其平均工資及金額單位應如何處理？
D2	batch11_g3	39	OSH-49	第48條	正確選項缺依據	該條業經刪除，現行細則已無該條之實體規定內容	關於勞動基準法施行細則第四十八條，下列敘述何者正確？
D2	batch11_g3	40	OSH-49	第49條	正確選項缺依據	該條業經刪除，現行細則已無該條之實體規定內容	關於勞動基準法施行細則第四十九條，下列敘述何者正確？
D2	batch11_g4	7	OSH-37	第22條	正確選項缺依據	該條業經刪除，現行法律已無該條之實體規定內容	關於性別平等工作法第二十二條，下列敘述何者正確？
D1	batch11_g4	22	OSH-37	第38條之2	選項d 疑似也對	處新臺幣一萬元以上五萬元以下罰鍰並	最高負責人或僱用人經地方主管機關認定有性騷擾者，其罰鍰額度為何？
D3	batch11_g4	28	OSH-37	第40條	選項a 中英數值不同	zh多:[7.0, 31.0] en多:[13.0]	性別平等工作法之施行日期及一百十二年七月三十一日修正部分條文之施行日期為何？
D2	batch11_g4	29	OSH-38	第1條	正確選項缺依據	性別平等工作法第三十九條	性別平等工作法施行細則之訂定法源依據為何？
D2	batch11_g4	33	OSH-38	第4條	正確選項缺依據	該條業經刪除，現行細則已無該條之實體規定內容	關於性別平等工作法施行細則第四條，下列敘述何者正確？
D2	batch11_g4	36	OSH-38	第6條	正確選項缺依據	應依曆連續計算	本法第十五條第一項規定產假期間之計算，應如何辦理？
D2	batch11_g4	39	OSH-38	第10條	正確選項缺依據	依各該社會保險相關法令之規定辦理	依本法第十六條第二項規定繼續參加原有社會保險者，其投保手續、投保金額、保險費繳納
D2	batch11_j1	11	OSH-01	第54條	正確選項缺依據	由中央主管機關訂定，即由勞動部依本法第五十四條之授權訂定發布	職業安全衛生法施行細則之訂定機關為何？
D2	batch11_j1	12	OSH-01	第55條	正確選項缺依據	由行政院定之，而非採自公布日施行或公布後特定日數施行之方式	職業安全衛生法之施行日期如何決定？
D2	batch11_j1	14	OSH-02	第5條	正確選項缺依據	該條業經刪除而無規範內容；自營作業者之定義現規定於本細則第二條	職業安全衛生法施行細則第五條之現行狀態為何？
D2	batch11_j1	17	OSH-02	第9條	正確選項缺依據	該條業經刪除而無內容；合理可行範圍及風險評估之定義規定於第八條	本細則第九條目前之規範內容為何？
D2	batch11_j1	18	OSH-02	第10條	正確選項缺依據	業經刪除而無規範內容；中央主管機關指定之機械設備器具種類規定於第十二條	本細則第十條之現行效力為何？
D2	batch11_j1	26	OSH-02	第28條	正確選項缺依據	該條已刪除；體格檢查與各類健康檢查之定義，現規定於本細則第二十七條	本細則第二十八條現行條文之內容為何？
D2	batch11_j1	27	OSH-02	第30條	正確選項缺依據	業經刪除而無規範內容；勞工接受檢查義務之範圍係規定於本細則第二十九條	本細則第三十條之現行狀態為何？
D2	batch11_j1	28	OSH-02	第31條	正確選項缺依據	已刪除而無內容；安全衛生組織之種類與定義係規定於本細則第三十二條	本細則第三十一條目前有無規範內容？
D3	batch11_j1	32	OSH-02	第39條	選項c 中英數值不同	zh多:[46.0] en多:[6.0, 40.0]	本法第三十一條第一項所稱有母性健康危害之虞之工作，包括下列何者？
D3	batch11_j1	36	OSH-02	第45條	選項c 中英數值不同	zh多:[21.0] en多:[20.0]	本法第三十五條所定之職業安全衛生諮詢會，其委員人數、任期及遴聘方式為何？
D2	batch11_j1	37	OSH-02	第46條	正確選項缺依據	應依勞動檢查法之相關規定辦理，包括其檢查、通知改善及停工之程序規定	勞動檢查機構依本法第三十六條第一項規定實施安全衛生檢查、通知限期改善或停工之程序
D2	batch11_j1	40	OSH-02	第53條	正確選項缺依據	策略及規劃、法規及制度、推動及實施、督導及成效評估、檢討及持續改善等事項	直轄市與縣（市）主管機關及各目的事業主管機關應積極辦理之職業安全衛生業務，包括下
D2	batch11_j1	43	OSH-25	第9條	正確選項缺依據	自發布日施行，並未另定緩衝期間或分階段適用之規定	本認定標準之施行日期規定為何？
D1	batch11_j2	7	OSH-03	第18條	選項b 疑似也對	代行檢查機構之資格條件與所負責任考評及獎勵辦法暨代行檢查員之	代行檢查機構之資格條件、責任、考評及獎勵辦法，與代行檢查員之資格及訓練，應由何機
D2	batch11_j2	27	OSH-04	第16條	正確選項缺依據	應依刑事訴訟法之相關規定辦理，包括搜索票之聲請與其執行程序	勞動檢查員依本法第十六條規定執行搜索、扣押時，應依何種法律規定辦理？
D2	batch11_j2	39	OSH-04	第30條	正確選項缺依據	業經刪除而無規範內容；危險物、有害物之數量現依第二十九條附表認定	勞動檢查法施行細則第三十條之現行狀態為何？
D2	batch11_j2	40	OSH-04	第32條	正確選項缺依據	已刪除而無內容；重大職業災害之類型係規定於本細則第三十一條	本細則第三十二條目前有無規範內容？
D3	batch11_j2	40	OSH-04	第32條	選項c 中英數值不同	zh多:[24.0] en多:[4.0, 20.0]	本細則第三十二條目前有無規範內容？
D3	batch11_j2	44	OSH-04	第20條、第38條	選項c 中英數值不同	zh多:[7.0] en多:[23.0]	本法第三十一條第四項所定之代行檢查證，準用本細則何條規定？
D2	batch11_j2	46	OSH-04	第40條	正確選項缺依據	業經刪除，其所屬之第六章亦已刪除，現行細則自第四十一條規定施行日期	本細則第四十條之現行效力為何？
D2	batch11_k1	1	OSH-09	第5條、第9條、第76條、第89條	正確選項缺依據	第五條、第九條、第七十六條及第八十九條等四條條文，現行條文均已刪除	職業安全衛生管理辦法歷經多次修正，下列哪一組條文之現行條文均已刪除而無實質內容？
D3	batch11_k1	1	OSH-09	第5條、第9條、第76條、第89條	選項a 中英數值不同	zh多:[4.0] en多:[5.0, 9.0, 76.0, 89.0]	職業安全衛生管理辦法歷經多次修正，下列哪一組條文之現行條文均已刪除而無實質內容？
D3	batch11_k1	1	OSH-09	第5條、第9條、第76條、第89條	選項b 中英數值不同	zh多:[4.0] en多:[10.0, 11.0, 12.0, 87.0]	職業安全衛生管理辦法歷經多次修正，下列哪一組條文之現行條文均已刪除而無實質內容？
D3	batch11_k1	1	OSH-09	第5條、第9條、第76條、第89條	選項c 中英數值不同	zh多:[4.0] en多:[13.0, 14.0, 15.0, 80.0]	職業安全衛生管理辦法歷經多次修正，下列哪一組條文之現行條文均已刪除而無實質內容？
D4	batch11_k1	6	OSH-09	第18條	選項a與b過於相似	0.99	雇主對以動力驅動之離心機械，應多久定期實施檢查一次？檢查項目包括哪些？
D4	batch11_k1	8	OSH-09	第23條	選項a與b過於相似	0.97	雇主對營建用提升機應多久實施定期檢查一次？其檢查項目為何？
D4	batch11_k1	15	OSH-09	第36條	選項a與b過於相似	0.99	雇主對小型壓力容器應多久定期實施檢查一次？其法定檢查項目為何？
D1	batch11_k1	20	OSH-09	第50條之1	選項b 疑似也對	作業前就其制動裝置操作裝置及作業裝置之性能實施檢點	雇主對高空工作車，應於何時就哪些性能實施檢點？
D1	batch11_k1	21	OSH-09	第51條	選項b 疑似也對	制動裝置安全裝置控制裝置及鋼索通過部分狀況實施檢點	雇主對捲揚裝置應於何時實施檢點？其檢點項目為何？
D1	batch11_k1	24	OSH-09	第54條之1	選項b 疑似也對	作業前對搬器及升降路所有出入口門扉之連鎖裝置之性能實施檢點	雇主對營建用或載貨用之升降機，應於何時對何項裝置實施檢點？
D4	batch11_k1	29	OSH-09	第62條	選項a與b過於相似	0.97	雇主對高壓氣體消費設備應於何時檢點該設備有無異常？動作狀況之檢點頻率為何？
D2	batch11_k1	32	OSH-09	第67條	正確選項缺依據	打樁設備組立操作、擋土支撐組立拆除、露天開挖、隧道坑道開挖、混凝土、鋼架施工等作	雇主使勞工從事營造作業時，應使勞工就作業有關事項實施檢點之項目，下列何者為本辦法
D5	batch11_k1	33	OSH-09	第68條	題幹疑似洩答	應使該勞工就其作業有關事項實施檢點	雇主使勞工從事下列何種作業時，本辦法明定應使該勞工就其作業有關事項實施檢點？
D5	batch11_k1	44	OSH-09	第88條	題幹疑似洩答	勞工安全衛生管理人員資格	於本辦法發布日前依已廢止之舊設置辦法取得勞工安全衛生管理人員資格者，其資格效力為
D4	batch11_k2	8	OSH-11	第21條	選項a與b過於相似	0.97	認可訓練單位辦理第五條、第十二條第一項第一款等指定之教育訓練前，須具備何種評鑑資
D4	batch11_k2	11	OSH-11	第24條	選項a與b過於相似	0.97	經核定之訓練單位辦理安全衛生教育訓練，其辦理區域有何限制？何種情形不受限制？
D2	batch11_k2	21	OSH-11	第41條	正確選項缺依據	第四十一條已刪除；訓練單位之警告、罰鍰及撤銷廢止認可分依第三十八條至第四十條辦理	關於本規則罰則章之現行規定，下列敘述何者正確？
D3	batch11_k2	22	OSH-11	第42條之1	選項a 中英數值不同	zh多:[12.0] en多:[20.0]	本規則一百十四年九月四日修正施行前已對外招訓之非營利法人等訓練單位，應於何時前取
D3	batch11_k2	22	OSH-11	第42條之1	選項b 中英數值不同	zh多:[12.0] en多:[20.0]	本規則一百十四年九月四日修正施行前已對外招訓之非營利法人等訓練單位，應於何時前取
D3	batch11_k2	35	OSH-10	第29條	選項a 中英數值不同	zh多:[7.0] en多:[5.0, 17.0]	關於勞工健康保護規則之施行日期，下列敘述何者正確？
D3	batch11_k2	35	OSH-10	第29條	選項b 中英數值不同	zh多:[7.0] en多:[5.0, 17.0]	關於勞工健康保護規則之施行日期，下列敘述何者正確？
D3	batch11_k2	35	OSH-10	第29條	選項c 中英數值不同	zh多:[7.0] en多:[5.0, 17.0]	關於勞工健康保護規則之施行日期，下列敘述何者正確？
D3	batch11_k2	35	OSH-10	第29條	選項d 中英數值不同	zh多:[7.0] en多:[5.0, 17.0]	關於勞工健康保護規則之施行日期，下列敘述何者正確？
D4	batch11_k2	42	OSH-22	第13條	選項a與b過於相似	0.98	雇主採取母性健康保護措施時，應遵守哪些原則？勞工對該措施有無配合義務？
D3	batch11_k2	44	OSH-22	第16條	選項c 中英數值不同	zh多:[9.0] en多:[5.0]	關於女性勞工母性健康保護實施辦法之施行日期，下列敘述何者正確？
D1	batch11_l1	2	OSH-18	第7條	選項d 疑似也對	得通過豎管輸往作業室者應在該管接近作業室之處設置	輸往沈箱之作業室或氣閘室之輸氣管，其配置及安全裝置有何規定？
D5	batch11_l1	35	OSH-18	第89條	題幹疑似洩答	設置開關及插座等電路連接器	減壓艙內部得否設置開關及插座等電路連接器？
D3	batch11_l1	40	OSH-18	第94條	選項a 中英數值不同	zh多:[7.0] en多:[94.0]	本標準一百零一年一月四日及一百零三年六月二十五日修正條文，分別自何日施行？
D3	batch11_l1	40	OSH-18	第94條	選項c 中英數值不同	zh多:[7.0] en多:[94.0]	本標準一百零一年一月四日及一百零三年六月二十五日修正條文，分別自何日施行？
D2	batch11_l2	9	OSH-16	第6條	正確選項缺依據	應使光度均勻，避免明暗不一造成視機能負荷	從事第三條第六款、第七款規定之作業而採用發光背景時，應符合何種要求？
D2	batch11_l2	17	OSH-17	第6條	正確選項缺依據	改善作業方法、降低作業頻率、縮短搬運距離、減少物體重量及調整搬運速度	為降低重體力勞動之負荷，雇主應致力於哪些改善事項？
D2	batch11_l2	24	OSH-23	第8條	正確選項缺依據	設自動手動狀態變換開關與動作狀態指示燈、自動動作指示燈、接地用端子，其他開關設護	機器人之固定式控制面盤，應符合哪些規定？
D2	batch11_l2	25	OSH-23	第10條	正確選項缺依據	輸出緊急停止或自動停止顯示及停止關連機器訊號之端子、輸入關連機器故障停止訊號之端	雇主所使用之機器人，應設置哪些訊號端子？
D5	batch11_l2	26	OSH-23	第11條	題幹疑似洩答	教導相關作業及檢查相關作業	就教導相關作業及檢查相關作業，雇主設置之機器人應具備何種性能？
D2	batch11_l2	32	OSH-23	第17條	正確選項缺依據	購入價格、折舊年限、保險投保金額及維修廠商之聯絡方式等商務資料	雇主設置機器人時，應依說明書確實查對之事項不包括下列何者？
D2	batch11_m1	1	OSH-39	第4條	正確選項缺依據	該條已刪除，相關事項改依其後條文指引之勞工健康保護規則等法規辦理	鉛中毒預防規則第四條之現行狀態及其原規範事項現由何規定承接？
D2	batch11_m1	32	OSH-39	第35條	正確選項缺依據	應設置淋浴設備供勞工使用	雇主使勞工從事粉狀之鉛、鉛混存物或燒結礦混存物之處理作業者，應設置何種設備？
D3	batch11_m1	44	OSH-39	第50條	選項b 中英數值不同	zh多:[7.0, 113.0] en多:[2014.0]	鉛中毒預防規則一百十三年六月十三日修正發布之第二十六條第二項、第三十一條第二項至
D3	batch11_m2	5	OSH-40	第8條	選項c 中英數值不同	zh多:[23.0] en多:[20.0]	加鉛汽油用儲槽作業之換氣裝置應達到何種標準？監視人員之配置及防護具供給有何規定？
D2	batch11_m2	18	OSH-40	第25條	正確選項缺依據	肥皂或適當清洗劑、洗眼液吸附劑及急救藥品、氧化劑活性白土等防止擴散材料、整補材料	雇主於處理四烷基鉛或加鉛汽油作業之場所，應置備下列何種藥品材料？
D2	batch11_m2	20	OSH-40	第28條	正確選項缺依據	僅適用禁用加鉛汽油清洗、事故退避、置備藥品材料、儲藏規定及空容器處理等條文	雇主使勞工於隔離室以遙控方式從事四烷基鉛作業時，僅適用本規則之哪些條文？
D3	batch11_m2	44	OSH-47	第29條	選項a 中英數值不同	zh多:[7.0] en多:[5.0, 12.0, 17.0, 18.0]	有機溶劑中毒預防規則之施行日期規定為何？
D3	batch11_m2	44	OSH-47	第29條	選項b 中英數值不同	zh多:[7.0] en多:[5.0, 12.0, 17.0, 18.0]	有機溶劑中毒預防規則之施行日期規定為何？
D2	batch11_n1	11	OSH-50	第11條	正確選項缺依據	電弧爐上作業、泄漿、熔融鈹等之抽氣、浮碴清除及澆注等作業場所應設局部排氣裝置；並	以電弧爐融出之鈹等製造鈹合金製程中，何項作業場所應設局部排氣裝置？電極插入部分間
D5	batch11_n1	11	OSH-50	第11條	題幹疑似洩答	作業場所應設局部排氣裝置	以電弧爐融出之鈹等製造鈹合金製程中，何項作業場所應設局部排氣裝置？電極插入部分間
D5	batch11_n1	23	OSH-50	第23條	題幹疑似洩答	警報用器具及除卻危害之	雇主使勞工處置、使用丙類第一種物質或丁類物質之合計達多少數量以上時，應置備警報用
D3	batch11_n1	43	OSH-50	第51條	選項a 中英數值不同	zh多:[7.0] en多:[112.0]	本標準一百十年九月十六日修正發布之第十七條第二項、第三十八條第二項至第四項及第三
D3	batch11_n1	43	OSH-50	第51條	選項b 中英數值不同	zh多:[9.0] en多:[110.0]	本標準一百十年九月十六日修正發布之第十七條第二項、第三十八條第二項至第四項及第三
D3	batch11_n1	43	OSH-50	第51條	選項d 中英數值不同	zh多:[7.0] en多:[113.0]	本標準一百十年九月十六日修正發布之第十七條第二項、第三十八條第二項至第四項及第三
D2	batch11_n2	2	OSH-45	第2條	正確選項缺依據	甲欄為粉塵作業，乙欄為特定粉塵發生源，丙欄為應使用呼吸防護具之作業	附表一甲欄、乙欄、丙欄所列內容之區分為何？
D4	batch11_n2	4	OSH-45	第5條	選項a與b過於相似	0.97	粉塵作業之設備以連續注水或注油操作時，該作業得免適用本標準之哪些條文？
D1	batch11_n2	6	OSH-45	第7條	選項b 疑似也對	應就附表二所列之特定粉塵發生源設置同表所列型式	依第六條設置之局部排氣裝置（特定粉塵發生源設有磨床、鼓式砂磨機等者除外），其氣罩
D1	batch11_n2	15	OSH-45	第16條	選項b 疑似也對	局部排氣裝置或整體換氣裝置於粉塵作業時間內	局部排氣裝置或整體換氣裝置於粉塵作業時間內之運轉，應如何管理？
D1	batch11_n2	17	OSH-45	第17條	選項b 疑似也對	依第六條規定設置之濕式衝擊式鑿岩機於實施特定粉塵作業時應使之	依第六條規定設置之濕式衝擊式鑿岩機，於實施特定粉塵作業時應如何操作？
D1	batch11_n2	23	OSH-45	第24條	選項b 疑似也對	使勞工戴用輸氣管面罩之連續作業時間每次不得超過	雇主使勞工戴用輸氣管面罩從事連續作業時，其時間有何限制？
D1	batch11_n2	23	OSH-45	第24條	選項d 疑似也對	使勞工戴用輸氣管面罩之連續作業時間每次不得超過	雇主使勞工戴用輸氣管面罩從事連續作業時，其時間有何限制？
D3	batch11_n2	31	OSH-43	第7條	選項d 中英數值不同	zh多:[500.0] en多:[5.0]	雇主未參照中央主管機關公告之技術指引辦理評估及分級管理時，是否即屬違反本辦法？
D3	batch11_n2	35	OSH-43	第12條	選項b 中英數值不同	zh多:[7.0] en多:[103.0]	危害性化學品評估及分級管理辦法之施行日期為何？
D3	batch11_n2	35	OSH-43	第12條	選項c 中英數值不同	zh多:[12.0] en多:[103.0]	危害性化學品評估及分級管理辦法之施行日期為何？
D1	batch12_a1	1	ENV-98	第2條	選項c 疑似也對	屆期仍未改善者得按日連續處罰之規定	主管機關依環境影響評估法所為限期改善之行政處分，書面應記載之事項不包括下列何者？
D2	batch12_a1	2	ENV-98	第3條	正確選項缺依據	自主管機關進行查驗之日起算	開發單位於改善期限屆滿前檢齊改善完成證明文件報請查驗，主管機關於改善期限屆滿後始
D2	batch12_a1	5	ENV-98	第6條	正確選項缺依據	向主管機關陳述意見並繳清已裁處之罰鍰者，自繳款日停止	下列何者非屬按日連續處罰停止日之法定情形？
D2	batch12_a1	8	ENV-98	第9條	正確選項缺依據	本準則自發布日起施行	違反環境影響評估法按日連續處罰執行準則之施行日期如何規定？
D3	batch12_a1	24	ENV-99	第11條之1	選項d 中英數值不同	zh多:[7.0] en多:[6.0]	以一般或事業廢棄物作為燃料或輔助燃料之固定污染源，應如何適用本標準？
D2	batch12_a1	27	ENV-100	第2條	正確選項缺依據	定期檢測與連續監測	本辦法所稱室內空氣品質檢驗測定分為哪二種？
D1	batch12_a1	31	ENV-100	第5條	選項b 疑似也對	每增加四百平方公尺應增加一點或巡檢點總數至少十	管制室內空間大於五千平方公尺小於或等於一萬五千平方公尺者，巡檢點總數應如何計算？
D1	batch12_a1	31	ENV-100	第5條	選項d 疑似也對	百平方公尺應增加一點或巡檢點總數至少十	管制室內空間大於五千平方公尺小於或等於一萬五千平方公尺者，巡檢點總數應如何計算？
D3	batch12_a1	44	ENV-100	第15條	選項d 中英數值不同	zh多:[180.0] en多:[80.0]	自動監測設施進行汰換或採樣位置變更致無法連續監測時，暫停監測之期限規定為何？
D2	batch12_a1	46	ENV-100	第17條	正確選項缺依據	應符合本辦法附錄所定之規定辦理	本辦法有關自動監測設施之設備規範、準確度查核與校正維護等事項，應如何辦理？
D3	batch12_a1	47	ENV-100	第18條	選項a 中英數值不同	zh多:[6.0, 7.0] en多:[10.0]	本辦法及其一百十一年六月二十四日修正條文之施行日期為何？
D3	batch12_a1	47	ENV-100	第18條	選項c 中英數值不同	zh多:[24.0, 111.0] en多:[10.0]	本辦法及其一百十一年六月二十四日修正條文之施行日期為何？
D3	batch12_a1	47	ENV-100	第18條	選項d 中英數值不同	zh多:[6.0, 7.0] en多:[13.0]	本辦法及其一百十一年六月二十四日修正條文之施行日期為何？
D4	batch12_a1	47	ENV-100	第18條	選項a與d過於相似	0.99	本辦法及其一百十一年六月二十四日修正條文之施行日期為何？
D1	batch12_a2	5	ENV-101	第5條	選項c 疑似也對	固定污染源申請前一年監檢測紀錄操作紀錄及排放量資料	空氣污染物總量及濃度排放改善計畫之內容，下列何者非屬應包括事項？
D2	batch12_a2	5	ENV-101	第5條	正確選項缺依據	公私場所全體從業人員名冊及其勞工保險投保級距明細資料	空氣污染物總量及濃度排放改善計畫之內容，下列何者非屬應包括事項？
D3	batch12_a2	6	ENV-101	第6條	選項c 中英數值不同	zh多:[45.0] en多:[5.0, 40.0]	地方主管機關受理改善排放總量及濃度申請後之審查期限規定為何？
D2	batch12_a2	15	ENV-101	第14條	正確選項缺依據	本辦法自發布日起施行	公私場所固定污染源申請改善排放空氣污染物總量及濃度管理辦法之施行日期為何？
D2	batch12_a2	20	ENV-102	第4條	正確選項缺依據	公私場所歷年繳納空氣污染防制費之金額及繳費收據影本明細	公私場所固定污染源應申報之排放量內容，不包括下列何者？
D2	batch12_a2	22	ENV-102	第5條	正確選項缺依據	連續自動監測資料優先，其次為公告檢測方法之檢測結果，再次為經認可之自廠係數，其後	公私場所申報排放量時，其計算依據之優先順序為何？
D2	batch12_a2	23	ENV-102	第5條	正確選項缺依據	原則應以自廠係數、公告排放係數或計算手冊試算方式計算；採密閉集氣至排放管道者，報	公私場所申報固定污染源揮發性有機物排放量者，應如何計算？
D2	batch12_a2	27	ENV-102	第9條	正確選項缺依據	公私場所全體員工之勞動契約、薪資清冊及出勤差假紀錄等人事管理資料	地方主管機關為執行排放量查核作業，得限期公私場所提報之資料不包括下列何者？
D2	batch12_a2	31	ENV-102	第13條	正確選項缺依據	公私場所因不可抗力之天災致延誤申報，並於災害結束後已補行申報者	下列何者非屬依本法第六十二條第一項第二款規定辦理之情形？
D2	batch12_a2	32	ENV-102	第14條	正確選項缺依據	本辦法自發布日起施行	公私場所固定污染源空氣污染物排放量申報管理辦法之施行日期為何？
D3	batch12_a2	35	ENV-103	第3條	選項c 中英數值不同	zh多:[180.0] en多:[80.0]	公私場所申請試車應檢具之試車計畫內容及試車期間限制為何？
D3	batch12_a2	38	ENV-103	第6條	選項a 中英數值不同	zh多:[35.0] en多:[5.0, 30.0]	地方主管機關完成試車計畫書面審查之期限及補正規定為何？
D3	batch12_a2	45	ENV-103	第13條	選項a 中英數值不同	zh多:[25.0] en多:[5.0, 20.0]	地方主管機關受理評鑑文件後之處理期限及現場勘查規定為何？
D2	batch12_a2	49	ENV-103	第17條	正確選項缺依據	本辦法自發布日起施行	公私場所固定污染源復工試車評鑑及管理辦法之施行日期為何？
D2	batch12_a3	7	ENV-104	第6條	正確選項缺依據	本準則自發布日起施行	公私場所固定污染源違反空氣污染防制法應處罰鍰額度裁罰準則之施行日期為何？
D3	batch12_a3	20	ENV-106	第2條	選項c 中英數值不同	zh多:[24.0, 48.0] en多:[4.0, 8.0, 20.0, 40.0]	本標準所稱起火期間與停車期間之定義分別為何？
D3	batch12_a3	26	ENV-106	第6條	選項a 中英數值不同	zh多:[75.0] en多:[5.0, 70.0]	本標準施行後之新設各式旋窯，其煙囪高度應達多少以上？
D5	batch12_a3	36	ENV-107	第8條	題幹疑似洩答	加油槍及油氣回收設施	加油站就其加油槍及油氣回收設施之操作，應負何種義務？
D3	batch12_a3	40	ENV-107	第9條	選項d 中英數值不同	zh多:[7.0] en多:[6.0]	加油站氣漏檢測及氣油比檢測之定期頻率規定為何？
D2	batch12_a3	45	ENV-107	第12條	正確選項缺依據	本辦法自發布日起施行	加油站油氣回收設施管理辦法之施行日期為何？
D3	batch12_a4	4	ENV-108	第2條	選項d 中英數值不同	zh多:[10000.0] en多:[10.0]	本標準所稱既存製程與新設製程之區分為何？
D3	batch12_a4	12	ENV-108	第7條	選項b 中英數值不同	zh多:[36.0] en多:[6.0, 30.0]	既存製程未能符合排放標準或監測設施設置規定者，應如何申請改善期限？
D3	batch12_a4	13	ENV-108	第7條	選項b 中英數值不同	zh多:[24.0] en多:[4.0, 20.0]	既存製程未能於核定改善期限內完成改善者，其展延規定為何？
D2	batch12_a4	14	ENV-108	第8條	正確選項缺依據	本標準自發布日起施行	半導體製造業空氣污染管制及排放標準之施行日期為何？
D3	batch12_a4	26	ENV-110	第8條	選項c 中英數值不同	zh多:[95.0, 100.0] en多:[5.0, 90.0]	光電業裝設污染防制設備者，其流量計及監測設施規定為何？
D2	batch12_a4	37	ENV-111	第6條	正確選項缺依據	塗裝作業員工之健康檢查結果、教育訓練時數及個人防護具配發紀錄等人員管理資料	含揮發性有機物物質之貯存、使用及處理報告書內容，下列何者非屬應包括項目？
D2	batch12_a4	43	ENV-111	第11條	正確選項缺依據	本標準自發布日起施行	汽車製造業表面塗裝作業空氣污染物排放標準之施行日期為何？
D2	batch12_b1	18	ENV-112	第16條	正確選項缺依據	本辦法自發布日起施行	本辦法之施行日期規定為何？
D2	batch12_b1	21	ENV-113	第3條	正確選項缺依據	應優先適用該較嚴格之排放標準，本標準附表之標準值於該情形不適用	特定業別、區域或設施另訂有較嚴格排放標準時，應如何適用？
D3	batch12_b1	25	ENV-113	第7條	選項d 中英數值不同	zh多:[24.0] en多:[4.0, 20.0]	周界測定之採樣時間規定為何？
D4	batch12_b2	16	ENV-114	第17條	選項a與b過於相似	0.97	申請按次調整檢測頻率級數與調整至第五級，其排放濃度值門檻分別為何？
D4	batch12_b3	18	ENV-115	第15條	選項a與b過於相似	0.98	廢氣燃燒塔總還原硫及排放流率監測設施之零點偏移及全幅偏移測試頻率分別為何？
D3	batch12_b3	32	ENV-115	第27條	選項a 中英數值不同	zh多:[5000000.0] en多:[5.0]	廢氣燃燒塔於何種情形得經核可後無須設置氣狀污染物監測設施之揮發性有機物量測項目？
D3	batch12_b3	32	ENV-115	第27條	選項b 中英數值不同	zh多:[10000000.0] en多:[10.0]	廢氣燃燒塔於何種情形得經核可後無須設置氣狀污染物監測設施之揮發性有機物量測項目？
D1	batch12_b4	17	ENV-117	第13條	選項c 疑似也對	年內依本辦法取得易致空氣污染之物質使用許可證	固定污染源於中央主管機關公告易致空氣污染之物質前已使用該物質者，應於何時取得使用
D2	batch12_c1	29	ENV-121	第23條	正確選項缺依據	本辦法自發布日起施行	氟氯烴管理辦法之施行日期規定為何？
D2	batch12_c1	34	ENV-122	第4條	正確選項缺依據	排放標準規定值列於本標準之附表，依附表所定數值管制	玻璃業空氣污染物排放標準之規定值，係以何種方式定之？
D2	batch12_c1	36	ENV-122	第5條	正確選項缺依據	EF＝Eh／As，即檢測期間氮氧化物排放量（kg/hr）除以熔融玻璃量（ton/	使用電力、純氧助燃及富氧分段燃燒者，其氮氧化物排放標準以EF表示，EF之計算公式
D1	batch12_c1	40	ENV-131	第2條	選項b 疑似也對	陶瓷業之噴霧乾燥塔烘乾設備及燒成窯但產品總設計或實際年產量小	陶瓷業空氣污染物排放標準之適用對象及排除規定為何？
D2	batch12_c1	43	ENV-131	第4條	正確選項缺依據	本標準之規定值列於附表，依附表所定數值管制排放	陶瓷業空氣污染物排放標準之規定值，係以何種方式呈現？
D2	batch12_c2	41	ENV-125	第7條	正確選項缺依據	本辦法自發布日起施行	移動污染源空氣污染防制設備管理辦法之施行日期為何？
D4	batch12_c3	0	ENV-124	第1條	選項a與b過於相似	0.98	乾洗作業空氣污染防制設施管制標準之訂定法源依據為何？
D2	batch12_c3	31	ENV-127	第5條	正確選項缺依據	本準則自發布日起施行	移動污染源違反空氣污染防制法裁罰準則之施行日期為何？
D3	batch12_c3	42	ENV-134	第2條	選項d 中英數值不同	zh多:[10000.0] en多:[10.0]	本標準所稱電爐、煉鋼電弧爐及鑄造電爐，其定義各為何？
D2	batch12_c3	45	ENV-134	第4條	正確選項缺依據	本標準規定值列於附表，依附表所定數值管制排放	煉鋼及鑄造電爐粒狀污染物之排放標準規定值，係以何種方式訂定？
D2	batch12_c4	17	ENV-129	第18條	正確選項缺依據	本辦法自發布日起施行	移動污染源燃料販賣進口許可及管理辦法之施行日期為何？
D2	batch12_c4	25	ENV-132	第7條	正確選項缺依據	就逸散污染源另定應符合之管制規定	本標準第七條就二氯乙烷、氯乙烯單體及聚氯乙烯製程之何種污染源另設規定？
D2	batch12_c4	47	ENV-133	第15條	正確選項缺依據	本辦法自發布日起施行	溴化甲烷管理辦法之施行日期為何？
D4	batch12_d1	7	ENV-135	第7條	選項a與c過於相似	0.98	採用活性碳注入設備降低戴奧辛排放者，其注入量有何管制？
D2	batch12_d1	16	ENV-136	第5條	正確選項缺依據	污染源名稱設備構造規模、製造流程圖說、原物料燃料種類成分數量、防制設施收集方式、	固定污染源排放空氣污染物未符合排放標準者，應令其檢具之證明文件包括下列何者？
D3	batch12_d1	43	ENV-139	第8條	選項a 中英數值不同	zh多:[6.0] en多:[5.0]	鉛二次冶煉廠空氣污染物排放標準之施行日期如何規定？
D3	batch12_d1	43	ENV-139	第8條	選項c 中英數值不同	zh多:[6.0, 29.0, 110.0] en多:[5.0, 7.0]	鉛二次冶煉廠空氣污染物排放標準之施行日期如何規定？
D2	batch12_d2	45	ENV-142	第24條	正確選項缺依據	本辦法自發布日起施行	蒙特婁議定書列管化學物質管理辦法之施行日期為何？
D2	batch12_d3	4	ENV-143	第5條	正確選項缺依據	以較嚴之規定為準	事業廢棄物焚化爐之空氣污染物排放規定，如事業廢棄物貯存清除處理方法及設施標準另有
D2	batch12_d3	8	ENV-143	第9條	正確選項缺依據	該條業經刪除，現行本標準已無第九條之實質規定	關於本標準第九條之現行狀態，下列敘述何者正確？
D1	batch12_d3	13	ENV-143	第12條之1	選項b 疑似也對	應依當地主管機關許可之使用量準用第八條附表	以一般或事業廢棄物作為燃料或輔助燃料之固定污染源，應如何適用排放標準？
D2	batch12_d3	14	ENV-143	第13條	正確選項缺依據	該條業經刪除，現行本標準已無第十三條之實質規定	關於本標準第十三條，下列敘述何者正確？
D1	batch12_d3	31	ENV-145	第3條	選項c 疑似也對	污染源空氣污染物排放標準之規定	本標準專用名詞及符號定義應依何規定？
D2	batch12_d3	34	ENV-145	第6條	正確選項缺依據	列於本標準第六條所定之附表	本標準之粒狀污染物排放規定值列於何處？
D2	batch12_d3	37	ENV-145	第9條	正確選項缺依據	本標準自發布日起施行	熱風乾燥機粒狀污染物排放標準之施行日期為何？
D2	batch12_d3	41	ENV-148	第4條	正確選項缺依據	列於本標準第四條所定之附表	本標準之粒狀污染物排放規定值列於何處？
D1	batch12_d4	7	ENV-146	第5條	選項b 疑似也對	處理效率應達百分之九十六以上或其單一排放管道之揮發性有機物排	新設製程之揮發性有機物處理效率或單一排放管道排放量要求為何？
D3	batch12_d4	11	ENV-146	第8條	選項b 中英數值不同	zh多:[100.0] en多:[6.0]	膠帶製造業對壓差計、氣體流量計及監測設施有效時數之規定為何？
D4	batch12_d4	21	ENV-147	第7條	選項a與b過於相似	0.97	主管機關受理機車排氣檢驗站認可申請之審查期限與核發程序為何？
D3	batch12_d4	27	ENV-147	第12條	選項a 中英數值不同	zh多:[5.0, 7.0] en多:[19.0]	機車排氣檢驗站執行檢驗業務之地點與檢驗時間有何規定？
D3	batch12_d4	27	ENV-147	第12條	選項b 中英數值不同	zh多:[5.0, 6.0] en多:[17.0]	機車排氣檢驗站執行檢驗業務之地點與檢驗時間有何規定？
D3	batch12_d4	27	ENV-147	第12條	選項c 中英數值不同	zh多:[5.0] en多:[17.0]	機車排氣檢驗站執行檢驗業務之地點與檢驗時間有何規定？
D2	batch12_d4	41	ENV-147	第22條	正確選項缺依據	本辦法自發布日起施行	機車排放空氣污染物檢驗站設置及管理辦法之施行日期為何？
D4	batch12_e1	10	ENV-150	第1條	選項a與b過於相似	0.97	鋼鐵業燒結工場空氣污染物排放標準之訂定法源為何？
D2	batch12_e1	13	ENV-150	第4條	正確選項缺依據	於本標準第四條所定之附表中規定	燒結工場空氣污染物之排放標準規定值以何種方式規定？
D4	batch12_e1	14	ENV-150	第5條	選項a與b過於相似	0.97	既存燒結工場欲適用起機運作期及防制設備維修期之硫氧化物、氮氧化物標準值，應如何辦
D3	batch12_e1	29	ENV-152	第3條	選項d 中英數值不同	zh多:[500.0] en多:[5.0]	本辦法所稱列管對象如何界定？
D4	batch12_e1	30	ENV-152	第4條	選項a與c過於相似	0.97	列管餐飲業採上吸式或側吸式氣罩者，其收集面之設置距離規定為何？
D4	batch12_e1	33	ENV-152	第5條	選項a與b過於相似	0.98	油煙處理設備之清潔保養頻率及相關紀錄之保存年限為何？
D2	batch12_e1	36	ENV-152	第8條	正確選項缺依據	本辦法自發布日起施行	本辦法之施行日期如何規定？
D4	batch12_e1	37	ENV-153	第1條	選項a與b過於相似	0.97	瀝青拌合業粒狀污染物排放標準之訂定法源為何？
D2	batch12_e1	40	ENV-153	第4條	正確選項缺依據	以本標準所附之附表規定其排放標準值	本標準之粒狀污染物排放規定值以何種形式呈現？
D3	batch12_e2	2	ENV-109	第3條	選項a 中英數值不同	zh多:[34.0, 272.0] en多:[34000.0, 272000.0]	中華民國六十六年十月五日以前申請原型機適航證書之次音速噴射飛機，其噪音管制標準值
D3	batch12_e2	2	ENV-109	第3條	選項b 中英數值不同	zh多:[34.0, 272.0] en多:[34000.0, 272000.0]	中華民國六十六年十月五日以前申請原型機適航證書之次音速噴射飛機，其噪音管制標準值
D3	batch12_e2	2	ENV-109	第3條	選項c 中英數值不同	zh多:[27.0, 34.0, 200.0] en多:[27200.0, 34000.0]	中華民國六十六年十月五日以前申請原型機適航證書之次音速噴射飛機，其噪音管制標準值
D3	batch12_e2	2	ENV-109	第3條	選項d 中英數值不同	zh多:[34.0, 272.0] en多:[34000.0, 272000.0]	中華民國六十六年十月五日以前申請原型機適航證書之次音速噴射飛機，其噪音管制標準值
D3	batch12_e2	4	ENV-109	第4條	選項a 中英數值不同	zh多:[35.0, 280.0, 400.0] en多:[35000.0, 280000.0, 400000.0]	六十六年十月五日以前曾申請原型機適航證書並於七十年十一月二十六日以後重新修改機型
D3	batch12_e2	4	ENV-109	第4條	選項b 中英數值不同	zh多:[35.0, 280.0, 400.0] en多:[35000.0, 280000.0, 400000.0]	六十六年十月五日以前曾申請原型機適航證書並於七十年十一月二十六日以後重新修改機型
D3	batch12_e2	4	ENV-109	第4條	選項c 中英數值不同	zh多:[48.0, 280.0, 300.0, 400.0] en多:[48300.0, 280000.0, 400000.0]	六十六年十月五日以前曾申請原型機適航證書並於七十年十一月二十六日以後重新修改機型
D3	batch12_e2	4	ENV-109	第4條	選項d 中英數值不同	zh多:[35.0, 280.0, 400.0] en多:[35000.0, 280000.0, 400000.0]	六十六年十月五日以前曾申請原型機適航證書並於七十年十一月二十六日以後重新修改機型
D3	batch12_e2	6	ENV-109	第6條	選項a 中英數值不同	zh多:[34.0, 358.0, 384.0, 700.0] en多:[34000.0, 358900.0, 384700.0]	七十三年十二月三十一日以前申請原型機適航證書、最大起飛重量五、七○○公斤重以上之
D3	batch12_e2	6	ENV-109	第6條	選項b 中英數值不同	zh多:[34.0, 358.0, 384.0, 700.0] en多:[34000.0, 358900.0, 384700.0]	七十三年十二月三十一日以前申請原型機適航證書、最大起飛重量五、七○○公斤重以上之
D3	batch12_e2	6	ENV-109	第6條	選項c 中英數值不同	zh多:[34.0, 358.0, 384.0, 700.0] en多:[34000.0, 358900.0, 384700.0]	七十三年十二月三十一日以前申請原型機適航證書、最大起飛重量五、七○○公斤重以上之
D3	batch12_e2	6	ENV-109	第6條	選項d 中英數值不同	zh多:[27.0, 200.0, 358.0, 384.0] en多:[27200.0, 358900.0, 384700.0]	七十三年十二月三十一日以前申請原型機適航證書、最大起飛重量五、七○○公斤重以上之
D3	batch12_e2	7	ENV-109	第6條	選項a 中英數值不同	zh多:[500.0] en多:[1500.0]	七十七年十一月十六日以前申請原型機適航證書、最大起飛重量八、六一八公斤重以下之螺
D3	batch12_e2	7	ENV-109	第6條	選項b 中英數值不同	zh多:[500.0] en多:[1500.0]	七十七年十一月十六日以前申請原型機適航證書、最大起飛重量八、六一八公斤重以下之螺
D3	batch12_e2	7	ENV-109	第6條	選項c 中英數值不同	zh多:[400.0] en多:[1400.0]	七十七年十一月十六日以前申請原型機適航證書、最大起飛重量八、六一八公斤重以下之螺
D3	batch12_e2	7	ENV-109	第6條	選項d 中英數值不同	zh多:[500.0] en多:[1500.0]	七十七年十一月十六日以前申請原型機適航證書、最大起飛重量八、六一八公斤重以下之螺
D3	batch12_e2	9	ENV-109	第7條	選項a 中英數值不同	zh多:[80.0] en多:[80000.0]	七十三年十二月三十一日以後申請原型機適航證書之直昇機飛機，其起飛、進場及滯空音量
D3	batch12_e2	9	ENV-109	第7條	選項b 中英數值不同	zh多:[80.0] en多:[80000.0]	七十三年十二月三十一日以後申請原型機適航證書之直昇機飛機，其起飛、進場及滯空音量
D3	batch12_e2	9	ENV-109	第7條	選項c 中英數值不同	zh多:[80.0] en多:[80000.0]	七十三年十二月三十一日以後申請原型機適航證書之直昇機飛機，其起飛、進場及滯空音量
D3	batch12_e2	9	ENV-109	第7條	選項d 中英數值不同	zh多:[175.0, 417.0] en多:[1417.0, 3175.0]	七十三年十二月三十一日以後申請原型機適航證書之直昇機飛機，其起飛、進場及滯空音量
D3	batch12_e2	10	ENV-109	第7條	選項a 中英數值不同	zh多:[417.0] en多:[82.0, 1417.0]	最大起飛重量三、一七五公斤重以下直昇機之滯空音量標準，依申請時間有何不同？
D3	batch12_e2	10	ENV-109	第7條	選項b 中英數值不同	zh多:[417.0] en多:[82.0, 1417.0]	最大起飛重量三、一七五公斤重以下直昇機之滯空音量標準，依申請時間有何不同？
D3	batch12_e2	10	ENV-109	第7條	選項c 中英數值不同	zh多:[417.0] en多:[1417.0]	最大起飛重量三、一七五公斤重以下直昇機之滯空音量標準，依申請時間有何不同？
D3	batch12_e2	10	ENV-109	第7條	選項d 中英數值不同	zh多:[417.0] en多:[1417.0]	最大起飛重量三、一七五公斤重以下直昇機之滯空音量標準，依申請時間有何不同？
D2	batch12_e2	12	ENV-109	第9條	正確選項缺依據	本標準自發布日起施行	本標準之施行日期如何規定？
D3	batch12_e2	14	ENV-130	第2條	選項a 中英數值不同	zh多:[8.0, 10.0] en多:[20.0, 22.0]	本標準所定早、晚、日間及夜間之時段區分為何？
D3	batch12_e2	14	ENV-130	第2條	選項b 中英數值不同	zh多:[7.0, 10.0] en多:[19.0, 22.0]	本標準所定早、晚、日間及夜間之時段區分為何？
D3	batch12_e2	14	ENV-130	第2條	選項c 中英數值不同	zh多:[6.0, 9.0] en多:[18.0, 21.0]	本標準所定早、晚、日間及夜間之時段區分為何？
D3	batch12_e2	14	ENV-130	第2條	選項d 中英數值不同	zh多:[8.0, 11.0] en多:[20.0, 23.0]	本標準所定早、晚、日間及夜間之時段區分為何？
D1	batch12_e2	19	ENV-130	第3條	選項b 疑似也對	測量時間內測量地點須無雨路乾且風速每秒	陸上運輸系統交通噪音測量時之氣象條件要求為何？
D2	batch12_e2	25	ENV-130	第9條	正確選項缺依據	本標準自發布日起施行	本標準之施行日期如何規定？
D2	batch12_e2	34	ENV-138	第8條	正確選項缺依據	不須逐日查驗	依本準則裁處按日連續處罰時，主管機關是否須逐日查驗？
D2	batch12_e2	35	ENV-138	第9條	正確選項缺依據	自發布日施行	本準則之施行日期如何規定？
D1	batch12_e2	36	ENV-154	第1條	選項b 疑似也對	污染防治法第七條第二項規定訂定	海洋放流管線放流水標準之訂定法源為何？
D3	batch12_e3	23	ENV-204	第15條之3	選項d 中英數值不同	zh多:[24.0] en多:[4.0, 20.0]	測定報告涉及違反第十六條第二款或第三款規定者，簽署該報告之檢驗室主管或簽署人受何
D2	batch12_e3	37	ENV-204	第25條	正確選項缺依據	本條業經刪除，現行辦法已無規定內容	本辦法第二十五條之現行規定內容為何？
D2	batch12_e3	39	ENV-204	第27條	正確選項缺依據	本條業經刪除，現行辦法並無規定內容	本辦法第二十七條之現行規定內容為何？
D3	batch12_e3	41	ENV-204	第28條	選項a 中英數值不同	zh多:[4.0, 6.0] en多:[9.0, 22.0]	本辦法之施行日期如何規定？何部分另定施行日期？
D3	batch12_e3	41	ENV-204	第28條	選項b 中英數值不同	zh多:[4.0, 6.0] en多:[7.0, 8.0]	本辦法之施行日期如何規定？何部分另定施行日期？
D3	batch12_e3	41	ENV-204	第28條	選項c 中英數值不同	zh多:[6.0, 7.0] en多:[9.0, 22.0]	本辦法之施行日期如何規定？何部分另定施行日期？
D3	batch12_e4	4	ENV-155	第5條	選項a 中英數值不同	zh多:[20.0] en多:[20000.0]	地面水體或地下水體作為自來水及簡易自來水飲用水水源者，其大腸桿菌群密度、氨氮、化
D3	batch12_e4	4	ENV-155	第5條	選項b 中英數值不同	zh多:[20.0] en多:[20000.0]	地面水體或地下水體作為自來水及簡易自來水飲用水水源者，其大腸桿菌群密度、氨氮、化
D3	batch12_e4	4	ENV-155	第5條	選項c 中英數值不同	zh多:[20.0] en多:[20000.0]	地面水體或地下水體作為自來水及簡易自來水飲用水水源者，其大腸桿菌群密度、氨氮、化
D3	batch12_e4	7	ENV-155	第6條	選項d 中英數值不同	zh多:[5.0] en多:[5000.0]	第六條所定水源之硝酸鹽氮、亞硝酸鹽氮、氨氮及總溶解固體量最大限值為何？
D4	batch12_e4	18	ENV-156	第6條	選項a與b過於相似	0.98	飲用水設備管理單位辦理維護之頻率及紀錄保存規定為何？
D2	batch12_e4	23	ENV-156	第11條	正確選項缺依據	本辦法自發布日起施行	本辦法之施行日期如何規定？
D3	batch12_e4	32	ENV-157	第9條	選項c 中英數值不同	zh多:[500.0] en多:[5.0]	本條例第五條第二項第六款所稱新社區之開發，係指何種規模之社區開發？
D2	batch12_e4	35	ENV-157	第12條	正確選項缺依據	本條業經刪除，現行細則已無規定內容	本細則第十二條之現行規定內容為何？
D2	batch12_e4	36	ENV-157	第13條	正確選項缺依據	本條業經刪除，現行條文並無規定內容	本細則第十三條之現行規定內容為何？
D2	batch12_e4	37	ENV-157	第14條	正確選項缺依據	本條業經刪除，現行細則並無規定內容	本細則第十四條之現行規定內容為何？
D2	batch12_e4	38	ENV-157	第15條	正確選項缺依據	本條業經刪除，現行條文已無規定內容	本細則第十五條之現行規定內容為何？
D2	batch12_e4	39	ENV-157	第16條	正確選項缺依據	本條業經刪除，現行細則已無規定內容	本細則第十六條之現行規定內容為何？
D2	batch12_e4	40	ENV-157	第17條	正確選項缺依據	本條業經刪除，現行條文並無規定內容	本細則第十七條之現行規定內容為何？
D2	batch12_e4	42	ENV-157	第19條	正確選項缺依據	本條業經刪除，現行細則已無規定內容	本細則第十九條之現行規定內容為何？
D2	batch12_e4	45	ENV-157	第22條	正確選項缺依據	本條業經刪除，現行條文已無規定內容	本細則第二十二條之現行規定內容為何？
D1	batch12_e4	46	ENV-157	第23條	選項b 疑似也對	將違反本條例案件處理情形製表送請中央主管機關	直轄市、縣（市）主管機關對違反本條例案件之處理情形應如何辦理？
D2	batch12_e4	47	ENV-157	第24條	正確選項缺依據	自發布日施行	本細則之施行日期如何規定？
D3	batch12_f1	6	ENV-158	第5條	選項b 中英數值不同	zh多:[120.0] en多:[20.0]	事業於改善期限內提送改善計畫書後，主管機關另核予之改善計畫及功能測試期間，與提送
D3	batch12_f1	6	ENV-158	第5條	選項c 中英數值不同	zh多:[180.0] en多:[80.0]	事業於改善期限內提送改善計畫書後，主管機關另核予之改善計畫及功能測試期間，與提送
D2	batch12_f1	14	ENV-158	第11條	正確選項缺依據	本準則自發布日起施行	違反水污染防治法按次處罰通知限期改善或補正執行準則之施行日期為何？
D1	batch12_f1	20	ENV-159	第3條	選項c 疑似也對	罰鍰額度之計算取至新臺幣元小數點後無條件	依本準則計算所得之罰鍰額度，其金額應計算至何單位？小數點後如何處理？
D2	batch12_f1	26	ENV-159	第8條	正確選項缺依據	本準則自發布日起施行	違反水污染防治法罰鍰額度裁罰準則之施行日期為何？
D3	batch12_f1	35	ENV-160	第7條	選項d 中英數值不同	zh多:[45.0] en多:[5.0, 40.0]	前開水質檢驗期限必要時得否延長？其延長次數及日數限制為何？
D2	batch12_f1	36	ENV-160	第8條	正確選項缺依據	不須逐日查驗，且不扣除例假日	按日連續處罰之執行，依本準則規定應如何辦理？
D2	batch12_f1	37	ENV-160	第9條	正確選項缺依據	本準則自發布日起施行	違反飲用水管理條例按日連續處罰執行準則之施行日期為何？
D4	batch12_f1	42	ENV-162	第4條	選項b與c過於相似	0.98	依前開規定減輕處罰時，其減輕後之罰鍰額度下限為何？
D2	batch12_f1	43	ENV-162	第5條	正確選項缺依據	本準則自發布日起施行	廢（污）水處理專責人員違反水污染防治法罰鍰額度裁罰準則之施行日期為何？
D3	batch12_f2	9	ENV-161	第7條	選項c 中英數值不同	zh多:[45.0] en多:[5.0, 40.0]	中央主管機關受理各階段審定登記案件，其審查期限規定為何？
D3	batch12_f2	9	ENV-161	第7條	選項d 中英數值不同	zh多:[120.0] en多:[20.0]	中央主管機關受理各階段審定登記案件，其審查期限規定為何？
D3	batch12_f2	10	ENV-161	第7條	選項c 中英數值不同	zh多:[180.0] en多:[80.0]	申請文件經審查不合規定或內容欠缺者，應通知限期補正；有何情形應予駁回？
D2	batch12_f2	17	ENV-161	第13條	正確選項缺依據	審定期間查驗實體設施規格與功能測試、製造期間查驗品保品管及製銷紀錄、安裝時查驗安	主管機關得派員進入製造或設置場所執行之查驗工作，包括哪些內容？
D2	batch12_f2	21	ENV-161	第17條	正確選項缺依據	本辦法自發布日起施行	預鑄式建築物污水處理設施管理辦法之施行日期為何？
D2	batch12_f2	32	ENV-170	第8條	正確選項缺依據	本辦法自發布日起施行	有害事業廢棄物檢測及紀錄管理辦法之施行日期為何？
D2	batch12_f2	45	ENV-169	第13條	正確選項缺依據	本辦法自發布日起施行	再生資源限制或禁止輸入輸出管理辦法之施行日期為何？
D2	batch12_f3	42	ENV-168	第18條	正確選項缺依據	由中央主管機關（環境部）定之	再生資源再使用管理辦法所定之相關文書及證明文件格式，由何機關訂定？
D2	batch12_f3	43	ENV-168	第19條	正確選項缺依據	本辦法自發布日起施行	再生資源再使用管理辦法之施行日期為何？
D3	batch12_f4	6	ENV-171	第6條	選項c 中英數值不同	zh多:[45.0] en多:[5.0, 40.0]	核發機關受理自行清除或處理許可申請後，其審查次數及期限規定為何？
D2	batch12_f4	19	ENV-171	第18條	正確選項缺依據	本辦法自發布日起施行	事業自行清除處理事業廢棄物許可管理辦法之施行日期為何？
D3	batch12_f4	28	ENV-172	第6條	選項d 中英數值不同	zh多:[120.0] en多:[20.0]	核發機關審核餘裕量許可申請，其審酌事項及審查期限規定為何？
D3	batch12_f4	38	ENV-172	第15條	選項b 中英數值不同	zh多:[180.0] en多:[80.0]	事業所置之處理技術員未能從事業務或離職時，應如何辦理？
D2	batch12_f4	42	ENV-172	第18條	正確選項缺依據	本辦法自發布日起施行	事業廢棄物處理設施餘裕處理容量許可管理辦法之施行日期為何？
D5	batch12_g1	15	ENV-173	第11條	題幹疑似洩答	接受國處理廠實地勘查	申請輸出有害廢棄物時，關於接受國處理廠實地勘查報告及有害成分檢測報告之規定為何？
D3	batch12_g1	17	ENV-173	第13條	選項d 中英數值不同	zh多:[500.0] en多:[5.0]	首次申請輸出廢棄物者，其許可輸出數量原則上以多少為限？何種情形得例外放寬？
D3	batch12_g1	22	ENV-173	第17條	選項c 中英數值不同	zh多:[180.0] en多:[80.0]	依本辦法許可輸出之廢棄物遭接受國拒絕時，原輸出者應如何處理？期限為何？
D5	batch12_g1	27	ENV-173	第20條	題幹疑似洩答	由該國主管機關發出通知	有害廢棄物之過境或轉口，依輸出國規定應由該國主管機關發出通知者，本辦法如何處理？
D2	batch12_g1	46	ENV-173	第38條	正確選項缺依據	該條業經刪除，現行條文僅保留條次而無任何規範內容，相關事項回歸其他各條規定辦理	本辦法第三十八條之現行狀態及其效力為何？
D2	batch12_g1	47	ENV-173	第39條	正確選項缺依據	自發布日施行，不另定特別之生效日期或分階段施行之過渡期間規定	事業廢棄物輸入輸出管理辦法之施行日期如何規定？
D3	batch12_g2	13	ENV-174	第13條	選項b 中英數值不同	zh多:[180.0] en多:[80.0]	民間機構應置之處理技術員離職時，應如何辦理？
D3	batch12_g2	29	ENV-175	第10條	選項b 中英數值不同	zh多:[180.0] en多:[80.0]	公營事業應置之清除、處理技術員離職時，應如何辦理？
D3	batch12_g2	39	ENV-176	第5條	選項c 中英數值不同	zh多:[180.0] en多:[80.0]	因天災或其他不可抗力事由致不能於改善期限內完成改善者，應如何辦理？
D3	batch12_g3	2	ENV-177	第2條	選項a 中英數值不同	zh多:[10.0, 20.0] en多:[4.0]	裁處機關考量受處罰者資力時，對於違規涉及事業廢棄物且屬上市或上櫃事業者，得如何裁
D3	batch12_g3	9	ENV-178	第3條	選項b 中英數值不同	zh多:[2.5] en多:[5.0]	廢容器貯存之堆置高度及分隔走道規定為何？
D3	batch12_g3	9	ENV-178	第3條	選項c 中英數值不同	zh多:[0.5] en多:[5.0]	廢容器貯存之堆置高度及分隔走道規定為何？
D3	batch12_g3	12	ENV-178	第5條	選項b 中英數值不同	zh多:[24.0, 500.0] en多:[5.0]	農藥廢容器及特殊環境用藥廢容器之貯存設施，除一般貯存設施規定外，另應符合哪些規定
D5	batch12_g3	31	ENV-179	第5條	題幹疑似洩答	有害廢棄物輸出規定辦理	廢乾電池輸出國外處理者，應符合何種規定？何種情形應改依有害廢棄物輸出規定辦理？
D3	batch12_g3	33	ENV-179	第7條	選項a 中英數值不同	zh多:[75.0] en多:[5.0, 70.0]	依本法第十八條第五項申請廢乾電池回收清除處理補貼者，於國內處理之資源回收再利用比
D3	batch12_g3	33	ENV-179	第7條	選項b 中英數值不同	zh多:[75.0] en多:[5.0, 70.0]	依本法第十八條第五項申請廢乾電池回收清除處理補貼者，於國內處理之資源回收再利用比
D3	batch12_g3	33	ENV-179	第7條	選項c 中英數值不同	zh多:[65.0] en多:[5.0, 60.0]	依本法第十八條第五項申請廢乾電池回收清除處理補貼者，於國內處理之資源回收再利用比
D3	batch12_g3	33	ENV-179	第7條	選項d 中英數值不同	zh多:[75.0] en多:[5.0, 70.0]	依本法第十八條第五項申請廢乾電池回收清除處理補貼者，於國內處理之資源回收再利用比
D2	batch12_g3	34	ENV-179	第8條	正確選項缺依據	自發布日施行，未另定分階段生效或既有業者改善期間之過渡適用規定	廢乾電池回收貯存清除處理方法及設施標準之施行日期如何規定？
D3	batch12_g3	37	ENV-181	第3條	選項a 中英數值不同	zh多:[1.5] en多:[5.0]	廢鉛蓄電池分區貯存之高度、寬長及分隔走道有何規定？貯存區周圍多少範圍內應嚴禁煙火
D3	batch12_g3	37	ENV-181	第3條	選項d 中英數值不同	zh多:[1.5] en多:[5.0]	廢鉛蓄電池分區貯存之高度、寬長及分隔走道有何規定？貯存區周圍多少範圍內應嚴禁煙火
D3	batch12_g3	41	ENV-181	第5條	選項a 中英數值不同	zh多:[65.0] en多:[5.0, 60.0]	依本法第十八條第五項申請廢鉛蓄電池回收清除處理補貼者，應符合哪些規定？
D3	batch12_g3	41	ENV-181	第5條	選項b 中英數值不同	zh多:[85.0] en多:[5.0, 80.0]	依本法第十八條第五項申請廢鉛蓄電池回收清除處理補貼者，應符合哪些規定？
D3	batch12_g3	41	ENV-181	第5條	選項c 中英數值不同	zh多:[45.0] en多:[5.0, 40.0]	依本法第十八條第五項申請廢鉛蓄電池回收清除處理補貼者，應符合哪些規定？
D3	batch12_g3	41	ENV-181	第5條	選項d 中英數值不同	zh多:[95.0] en多:[5.0, 90.0]	依本法第十八條第五項申請廢鉛蓄電池回收清除處理補貼者，應符合哪些規定？
D3	batch12_g4	3	ENV-180	第3條	選項a 中英數值不同	zh多:[1.5] en多:[5.0]	廢照明光源之貯存量上限及分區貯存尺寸規定為何？
D3	batch12_g4	3	ENV-180	第3條	選項b 中英數值不同	zh多:[2.5] en多:[5.0]	廢照明光源之貯存量上限及分區貯存尺寸規定為何？
D3	batch12_g4	8	ENV-180	第6條	選項a 中英數值不同	zh多:[300.0, 600.0] en多:[6.0]	廢照明光源處理廠之廠區及專用廠房面積下限為何？有何例外？
D3	batch12_g4	8	ENV-180	第6條	選項b 中英數值不同	zh多:[300.0, 600.0] en多:[6.0]	廢照明光源處理廠之廠區及專用廠房面積下限為何？有何例外？
D3	batch12_g4	8	ENV-180	第6條	選項c 中英數值不同	zh多:[500.0, 1000.0] en多:[5.0]	廢照明光源處理廠之廠區及專用廠房面積下限為何？有何例外？
D3	batch12_g4	8	ENV-180	第6條	選項d 中英數值不同	zh多:[300.0, 600.0] en多:[6.0]	廢照明光源處理廠之廠區及專用廠房面積下限為何？有何例外？
D3	batch12_g4	12	ENV-180	第10條	選項b 中英數值不同	zh多:[50000000.0] en多:[50.0]	依本法第十八條第五項向資源回收管理基金申請廢照明光源回收清除處理補貼者，應符合哪
D2	batch12_g4	14	ENV-180	第12條	正確選項缺依據	該條業經刪除，現行條文僅保留條次而無任何規範內容，相關事項回歸其他各條規定	廢照明光源回收貯存清除處理方法及設施標準第十二條之現行狀態為何？
D3	batch12_g4	15	ENV-180	第13條	選項a 中英數值不同	zh多:[10.0] en多:[6.0, 8.0, 9.0]	廢照明光源回收貯存清除處理方法及設施標準之施行日期如何規定？
D3	batch12_g4	15	ENV-180	第13條	選項b 中英數值不同	zh多:[10.0] en多:[4.0, 6.0, 7.0]	廢照明光源回收貯存清除處理方法及設施標準之施行日期如何規定？
D3	batch12_g4	15	ENV-180	第13條	選項c 中英數值不同	zh多:[7.0] en多:[5.0]	廢照明光源回收貯存清除處理方法及設施標準之施行日期如何規定？
D3	batch12_g4	18	ENV-182	第3條	選項a 中英數值不同	zh多:[1.5, 4.5] en多:[4.0, 5.0]	廢電子電器、廢資訊物品貯存之堆置高度及分區尺寸規定為何？
D3	batch12_g4	23	ENV-182	第5條	選項b 中英數值不同	zh多:[500.0] en多:[5.0]	處理含冷媒或潤滑油之廢電子電器，及處理廢電冰箱時，應符合哪些規定？
D3	batch12_g4	30	ENV-182	第10條	選項a 中英數值不同	zh多:[75.0] en多:[5.0, 70.0]	依本法第十八條第五項向中央主管機關申請廢電子電器、廢資訊物品回收清除處理補貼者，
D3	batch12_g4	30	ENV-182	第10條	選項d 中英數值不同	zh多:[65.0] en多:[5.0, 60.0]	依本法第十八條第五項向中央主管機關申請廢電子電器、廢資訊物品回收清除處理補貼者，
D2	batch12_g4	31	ENV-182	第11條	正確選項缺依據	該條業經刪除，現行條文僅保留條次而無任何規範內容，相關事項回歸其他各條規定	廢電子電器暨廢資訊物品回收貯存清除處理方法及設施標準第十一條之現行狀態為何？
D2	batch12_g4	32	ENV-182	第12條	正確選項缺依據	自發布日施行，未另定分階段生效或既有業者改善期間之過渡適用規定	廢電子電器暨廢資訊物品回收貯存清除處理方法及設施標準之施行日期如何規定？
D5	batch12_h1	15	ENV-185	第2條	題幹疑似洩答	及有害物質回收或去除比率	本辦法所稱處理效能及有害物質回收或去除比率之定義為何？
D5	batch12_h1	17	ENV-185	第3條	題幹疑似洩答	始得接受稽核認證及申請補貼費	責任業者及回收業、處理業須完成何種程序，始得接受稽核認證及申請補貼費？
D5	batch12_h2	5	ENV-186	第5條	題幹疑似洩答	從事應回收廢棄物回收處理業務	回收業、處理業從事應回收廢棄物回收、處理業務前，應完成何項程序？
D2	batch12_h2	29	ENV-186	第26條	正確選項缺依據	該條業已刪除，回收業、處理業之管理悉依現行本辦法其他各條規定辦理	本辦法原第二十六條規定之現行狀態為何？相關事項現應如何辦理？
D3	batch12_h2	30	ENV-186	第27條	選項a 中英數值不同	zh多:[7.0] en多:[23.0]	本辦法之施行日期規定為何？一百十五年七月十三日修正發布之第二十三條自何時施行？
D3	batch12_h2	30	ENV-186	第27條	選項b 中英數值不同	zh多:[7.0] en多:[23.0]	本辦法之施行日期規定為何？一百十五年七月十三日修正發布之第二十三條自何時施行？
D3	batch12_h2	30	ENV-186	第27條	選項c 中英數值不同	zh多:[7.0] en多:[23.0]	本辦法之施行日期規定為何？一百十五年七月十三日修正發布之第二十三條自何時施行？
D3	batch12_h2	30	ENV-186	第27條	選項d 中英數值不同	zh多:[7.0] en多:[23.0]	本辦法之施行日期規定為何？一百十五年七月十三日修正發布之第二十三條自何時施行？
D2	batch12_h2	33	ENV-188	第3條	正確選項缺依據	應領有該種車輛之職業駕駛執照	事故應變車輛之駕駛人應具備何種資格？
D2	batch12_h3	19	ENV-187	第18條	正確選項缺依據	由中央主管機關（環境部）定之	本辦法所定之相關文書及證明文件格式，由何機關定之？
D5	batch12_h4	19	ENV-202	第16條	題幹疑似洩答	土壤污染評估調查及檢測資料	事業取得土壤污染評估調查及檢測資料審查同意函後，應於何時完成變更、歇業之登記？逾
D1	batch12_i1	15	ENV-190	第14條	選項b 疑似也對	應登載五人以上其中指揮級及技術級各二人以上專家級一人以上	應組設全國性聯防組織之相關運作人，單一物質單次運送跨直轄市、縣（市）而氣體數量逾
D1	batch12_i1	15	ENV-190	第14條	選項c 疑似也對	應登載三人以上其中專家級二人以上技術級一人以上	應組設全國性聯防組織之相關運作人，單一物質單次運送跨直轄市、縣（市）而氣體數量逾
D2	batch12_i1	36	ENV-191	第10條	正確選項缺依據	機構名稱、負責人姓名、主管人員姓名、認證類別、服務項目、服務區域、主要裝備或設備	應變、諮詢機構之認證證書，依規定應載明哪些事項？
D3	batch12_i2	12	ENV-192	第11條	選項c 中英數值不同	zh多:[24.0] en多:[20.0]	病媒防治業施作現場之告示規格為何？執行業務致污染環境或危害人體健康時應如何處理？
D5	batch12_i2	22	ENV-194	第1條	題幹疑似洩答	微生物製劑開發試驗研究	遺傳工程環境用藥微生物製劑開發試驗研究管理辦法之訂定依據為何？
D2	batch12_i2	30	ENV-194	第8條之1	正確選項缺依據	準用第四條至第八條之規定，包括申請核准、授予知能、防護、廢棄物處理及資料保存等義	利用遺傳工程以外其他技術從事環境用藥微生物製劑開發試驗研究者，應如何適用本辦法？
D2	batch12_i2	42	ENV-195	第11條	正確選項缺依據	該條文業經刪除，其原規定內容已不再作為環境用藥工廠設廠之要求	環境用藥工廠設廠標準第十一條之現行狀態為何？
D5	batch12_i3	18	ENV-197	第1條	題幹疑似洩答	環境用藥貯存置放使用	環境用藥貯存置放使用管理辦法係依何項規定訂定？
D3	batch12_j1	2	ENV-163	第2條	選項b 中英數值不同	zh多:[10000.0] en多:[10.0]	本辦法所稱「試驗計畫」及「既有試驗計畫」之定義為何？
D3	batch12_j1	12	ENV-163	第10條	選項c 中英數值不同	zh多:[180.0] en多:[80.0]	中央主管機關受理本辦法相關申請，其審查期限及補正日數之規定為何？
D3	batch12_j1	26	ENV-163	第19條	選項a 中英數值不同	zh多:[24.0] en多:[4.0, 20.0]	事業於封存期間發生達停止灌注條件之異常或二氧化碳洩漏時，應如何處置？
D2	batch12_j1	39	ENV-163	第30條	正確選項缺依據	本辦法自發布日起施行	二氧化碳捕捉後封存管理辦法之施行日期規定為何？
D3	batch12_j2	13	ENV-164	第13條	選項c 中英數值不同	zh多:[180.0] en多:[80.0]	中央主管機關受理本辦法各項申請之審查期限及補正規定為何？
D2	batch12_j2	21	ENV-164	第20條	正確選項缺依據	本辦法自發布日起施行	氫氟碳化物管理辦法之施行日期規定為何？
D3	batch12_j2	24	ENV-165	第3條	選項c 中英數值不同	zh多:[2.5] en多:[25000.0]	抵換專案依申請者資格分類，其類型為何？
D3	batch12_j2	25	ENV-165	第4條	選項a 中英數值不同	zh多:[2.5] en多:[25000.0]	抵換專案邊界有下列何種情形者，不得申請註冊？
D3	batch12_j2	25	ENV-165	第4條	選項c 中英數值不同	zh多:[2.5] en多:[25000.0]	抵換專案邊界有下列何種情形者，不得申請註冊？
D3	batch12_j2	29	ENV-165	第8條	選項c 中英數值不同	zh多:[28.0] en多:[8.0]	計畫型抵換專案之計入期年限規定為何？
D3	batch12_j2	33	ENV-165	第12條	選項a 中英數值不同	zh多:[28.0] en多:[8.0, 20.0]	方案型抵換專案本身之計入期年限，以及新增子專案計入期起始日之規定為何？
D2	batch12_j2	44	ENV-165	第23條	正確選項缺依據	本辦法自發布日起施行	溫室氣體抵換專案管理辦法之施行日期規定為何？
D3	batch12_j3	10	ENV-166	第11條	選項d 中英數值不同	zh多:[24.0] en多:[4.0, 20.0]	查驗人員之基本資格條件為何？
D3	batch12_j3	24	ENV-166	第25條	選項d 中英數值不同	zh多:[65.0] en多:[5.0, 60.0]	下列何種情況即違反獨立性、公正性及利益衝突迴避規範，中央主管機關得不予認可其查驗
D3	batch12_j3	30	ENV-166	第29條	選項b 中英數值不同	zh多:[24.0] en多:[4.0, 20.0]	登錄於人員清冊之查驗人員，每年應執行之案件數量及未達成時之補救措施為何？
D2	batch12_j3	35	ENV-166	第34條	正確選項缺依據	應檢附中文譯本	本辦法所定之相關文件為外文者，應如何處理？
D4	batch12_j3	39	ENV-166	第37條之1	選項a與b過於相似	0.97	本辦法一百十四年三月十九日修正施行前，已備查之產品碳足跡認證機構及已取得產品碳足
D2	batch12_j3	40	ENV-166	第38條	正確選項缺依據	本辦法自發布日起施行	溫室氣體認證機構及查驗機構管理辦法之施行日期規定為何？
D2	batch12_j3	44	ENV-207	第4條	正確選項缺依據	該條已刪除，現行條文並無規範內容，罰鍰額度之計算及加重回歸第二條及第三條規定辦理	環境檢驗測定機構違反環保法規罰鍰額度裁罰準則第四條之現行狀態為何？
D2	batch12_j3	46	ENV-207	第6條	正確選項缺依據	應就各行為分別處罰之	數行為違反同一或不同管理辦法或機動車輛管理辦法規定者，應如何處罰？
D2	batch12_j3	47	ENV-207	第7條	正確選項缺依據	本準則自發布日起施行	環境檢驗測定機構違反環保法規罰鍰額度裁罰準則之施行日期規定為何？
D3	batch12_j4	4	ENV-205	第4條	選項d 中英數值不同	zh多:[24.0] en多:[4.0, 20.0]	設施場所所配置之環境教育人員，於何種情形應另附訓練證明？其時數為何？
D2	batch12_j4	17	ENV-205	第16條	正確選項缺依據	應撤銷其設施場所之認證	設施場所檢送之申請文件有虛偽不實者，中央主管機關應如何處理？
D3	batch12_j4	18	ENV-205	第17條	選項b 中英數值不同	zh多:[10000.0] en多:[10.0]	中央主管機關得廢止設施場所認證之情形，下列何者符合規定？
D2	batch12_j4	21	ENV-205	第20條	正確選項缺依據	本辦法自發布日起施行	環境教育設施場所認證及管理辦法之施行日期規定為何？
D2	batch12_j4	22	ENV-206	第1條	正確選項缺依據	環境教育法第十條第三項	環境教育機構認證及管理辦法係依據下列何項規定訂定？
D3	batch12_j4	24	ENV-206	第3條	選項c 中英數值不同	zh多:[160.0] en多:[60.0]	申請環境教育機構認證之資格，應符合下列何者之一？
D3	batch12_j4	28	ENV-206	第6條	選項d 中英數值不同	zh多:[180.0] en多:[80.0]	核發機關辦理環境教育機構認證審查之期限及現勘規定為何？
D2	batch12_j4	41	ENV-206	第18條	正確選項缺依據	應撤銷該機構之環境教育認證	環境教育機構檢送之申請文件有虛偽不實者，核發機關應如何處理？
D2	batch12_j4	44	ENV-206	第21條	正確選項缺依據	本辦法自發布日起施行	環境教育機構認證及管理辦法之施行日期規定為何？
D5	batch13_a1	14	ENV-26	第17條	題幹疑似洩答	專責人員參加中央主管機關指定之在職訓練	關於專責人員參加中央主管機關指定之在職訓練，公私場所之義務為何？
D5	batch13_a1	22	ENV-27	第2條	題幹疑似洩答	特定業別區域或設施另訂	本標準之適用對象為何？特定業別、區域或設施另訂有排放標準時應如何適用？
D3	batch13_a1	25	ENV-27	第6條	選項c 中英數值不同	zh多:[24.0] en多:[20.0]	周界測定之取樣時間規定為何？
D2	batch13_a1	26	ENV-27	第8條	正確選項缺依據	應依本標準第八條所定公式計算之，以求得該新污染源應有之排放管道高度	排放標準中列有排放管道排放標準之空氣污染物，新污染源之排放管道高度應如何決定？
D2	batch13_a1	32	ENV-28	第3條	正確選項缺依據	懸浮微粒為日平均值及年平均值；細懸浮微粒為二十四小時值及年平均值；臭氧為小時平均	依本標準所定各項空氣污染物之空氣品質標準，懸浮微粒、細懸浮微粒及臭氧分別以何種平
D3	batch13_a1	37	ENV-31	第5條	選項a 中英數值不同	zh多:[11.0] en多:[101.0]	室內空氣品質標準之施行日期規定為何？
D3	batch13_a1	37	ENV-31	第5條	選項b 中英數值不同	zh多:[11.0] en多:[100.0]	室內空氣品質標準之施行日期規定為何？
D3	batch13_a1	39	ENV-40	第5條	選項a 中英數值不同	zh多:[52.0] en多:[50.0]	非屬各級航空噪音防制區之區域，其全年航空噪音日夜音量之環境音量標準為何？
D3	batch13_a1	39	ENV-40	第5條	選項b 中英數值不同	zh多:[52.0] en多:[50.0]	非屬各級航空噪音防制區之區域，其全年航空噪音日夜音量之環境音量標準為何？
D3	batch13_a1	39	ENV-40	第5條	選項c 中英數值不同	zh多:[65.0] en多:[5.0, 60.0]	非屬各級航空噪音防制區之區域，其全年航空噪音日夜音量之環境音量標準為何？
D3	batch13_a1	39	ENV-40	第5條	選項d 中英數值不同	zh多:[65.0] en多:[5.0, 60.0]	非屬各級航空噪音防制區之區域，其全年航空噪音日夜音量之環境音量標準為何？
D2	batch13_a2	3	ENV-30	第4條	正確選項缺依據	建築主管機關掌建築物通風設施及裝修建材管理；交通主管機關掌大眾運輸工具空調通風量	依本法各級目的事業主管機關之權責劃分，下列何者正確？
D3	batch13_a2	18	ENV-30	第20條	選項c 中英數值不同	zh多:[180.0] en多:[80.0]	依本法命限期改善者，改善期間以多久為限？因天災或不可抗力未能完成改善時應如何處理
D2	batch13_a2	21	ENV-30	第22條	正確選項缺依據	視為未改善	公告場所於限期改善期限屆至前未檢具資料報請查驗者，其法律效果為何？
D1	batch13_a2	29	ENV-39	第6條	選項b 疑似也對	高速公路及快速公路交通管制規則規定之快速公路及市區道路及附屬	本法第十五條所稱其他交通所產生之噪音，包括下列何者？
D3	batch13_a2	30	ENV-39	第8條	選項a 中英數值不同	zh多:[180.0] en多:[80.0]	交通噪音改善計畫經核定無法於營運或管理範圍內改善者，營運或管理機關（構）應於何期
D2	batch13_a2	37	ENV-39	第16條	正確選項缺依據	噪音發生源狀況及構造位置、改善前量測結果及成因分析、防制措施內容與設計圖說、改善	噪音改善完成報告書應記載之事項，下列何者正確？
D2	batch13_a3	1	ENV-44	第2條	正確選項缺依據	指該事業使用之範圍	本法第二條第八款所稱作業環境，其定義為何？
D2	batch13_a3	15	ENV-44	第14條	正確選項缺依據	業經刪除，不再有規範內容	水污染防治法施行細則第十四條之現行規定狀態為何？
D1	batch13_a3	23	ENV-44	第23條	選項b 疑似也對	指經主管機關依本法裁處後實收罰鍰金額之百分之	本法第六十六條之三第一項所稱之依本法裁處之部分罰鍰，指何數額？
D1	batch13_a3	23	ENV-44	第23條	選項d 疑似也對	指經主管機關依本法裁處後實收罰鍰金額之百分之	本法第六十六條之三第一項所稱之依本法裁處之部分罰鍰，指何數額？
D5	batch13_a3	29	ENV-46	第6條	題幹疑似洩答	其他類環境保護專責及技術人員	廢（污）水處理專責人員得否同時兼任其他類環境保護專責及技術人員？其要件為何？
D2	batch13_a3	35	ENV-46	第13條	正確選項缺依據	業經刪除，不再有規範內容	廢（污）水處理專責單位或人員設置及管理辦法第十三條之現行規定狀態為何？
D5	batch13_a3	43	ENV-46	第23條	題幹疑似洩答	專責人員參加中央主管機關指定之在職訓練	事業或污水下水道系統就專責人員參加中央主管機關指定之在職訓練，其義務為何？
D2	batch13_a3	47	ENV-46	第27條	正確選項缺依據	不再適用之	自本辦法施行之日起，環境保護專責單位或人員設置及管理辦法有關廢（污）水處理專責單
D2	batch13_b1	1	ENV-48	第2條	正確選項缺依據	自來水水源、飲用水水源、灌溉渠道用水及漁業養殖用水	本辦法適用之承受水體範圍包括下列哪四類水體？
D3	batch13_b1	2	ENV-48	第3條	選項d 中英數值不同	zh多:[24.0] en多:[4.0, 20.0]	廢（污）水處理設施故障、操作異常或意外事故發生時，下列何種情形屬嚴重危害人體健康
D2	batch13_b1	26	ENV-49	第17條	正確選項缺依據	該條業經刪除，現行條文僅保留條次而無實質內容規定	飲用水管理條例第十七條之現行狀態為何？
D2	batch13_b1	35	ENV-49	第24條之3	正確選項缺依據	由中央主管機關另定辦法統一規範之，不由地方各自認定	本條例所稱按日連續處罰，其起算日、暫停日、停止日及改善完成認定查驗事項由何者規範
D2	batch13_b1	39	ENV-49	第27條	正確選項缺依據	該條業經刪除，現行條文僅保留條次而無實質內容規定	飲用水管理條例第二十七條之現行狀態為何？
D3	batch13_b2	13	ENV-52	第16條	選項d 中英數值不同	zh多:[45.0] en多:[5.0, 40.0]	復工、復業之申請涉及製程改變或處理設施新置變更者，其試車期限及審查期限規定為何？
D2	batch13_b2	16	ENV-52	第19條	正確選項缺依據	由中央主管機關統一訂定其格式，以利各級機關一致適用	本法及本細則所定之告發單、處分書及移送書或其他書表格式，除另有規定外由何機關訂定
D3	batch13_b2	21	ENV-53	第5條	選項d 中英數值不同	zh多:[24.0] en多:[4.0, 20.0]	有害事業廢棄物經中間處理後或屬易燃性廢液者，在何種條件下得認定為一般事業廢棄物？
D5	batch13_b2	29	ENV-55	第7條	題幹疑似洩答	事業廢棄物清理計畫書	事業廢棄物清理計畫書所載資料變動而未致廢棄物性質改變或數量增加逾百分之十者，應如
D3	batch13_b2	32	ENV-55	第11條	選項a 中英數值不同	zh多:[25.0, 45.0] en多:[5.0, 20.0, 40.0]	審核機關受理新設、新提、重提、變更及展延案件，與受理異動案件之審查期限分別為何？
D3	batch13_b2	32	ENV-55	第11條	選項d 中英數值不同	zh多:[45.0] en多:[5.0, 40.0]	審核機關受理新設、新提、重提、變更及展延案件，與受理異動案件之審查期限分別為何？
D4	batch13_c1	0	ENV-63	第1條	選項a與d過於相似	0.97	環境影響評估法施行細則之訂定，其法律授權依據為何？
D4	batch13_c1	0	ENV-63	第1條	選項c與d過於相似	0.97	環境影響評估法施行細則之訂定，其法律授權依據為何？
D2	batch13_c1	10	ENV-63	第9條	正確選項缺依據	第九條現已刪除；開發單位之定義規定於第七條，指自然人、法人、團體或其他從事開發行	現行環境影響評估法施行細則第九條之規範狀態，以及開發單位定義之所在條文，下列敘述
D2	batch13_c1	11	ENV-63	第10條	正確選項缺依據	第十條現已刪除；提出階段規定於第十一條，於開發審議或開發許可申請階段辦理	現行環境影響評估法施行細則第十條之規範狀態，及環境影響說明書提出階段之所在條文為
D2	batch13_c1	21	ENV-63	第14條	正確選項缺依據	第十四條已刪除；審查期限依第十五條，自開發單位備齊書件並繳交審查費之日起算	環境影響評估法施行細則第十四條之現行狀態，及審查期限起算規定之所在條文為何？
D2	batch13_c1	36	ENV-63	第25條	正確選項缺依據	應考量個案之特殊性、評估項目及各相關專業領域，據以邀集適當之專家學者參加	主管機關界定評估範疇或目的事業主管機關進行現場勘察、舉行公聽會時，邀集專家學者應
D3	batch13_c2	8	ENV-63	第33條	選項d 中英數值不同	zh多:[500.0] en多:[5.0]	本法第十五條所稱同一場所，其意義為何？
D2	batch13_c2	10	ENV-63	第35條	正確選項缺依據	第三十五條已刪除；共同負責規定於第三十四條，各開發單位並應各派代表或共同推舉代表	環境影響評估法施行細則第三十五條之現行狀態，及合併評估共同負責規定之所在條文為何
D2	batch13_c2	22	ENV-63	第42條	正確選項缺依據	第四十二條已刪除；依第四十一條，主管機關或目的事業主管機關得派員赴開發單位或開發	環境影響評估法施行細則第四十二條之現行狀態，及派員調查檢驗規定之所在條文為何？
D2	batch13_c2	26	ENV-63	第45條	正確選項缺依據	第四十五條已刪除；認有必要時依第四十八條，指第十九條所列各款情形依其他法令處理仍	環境影響評估法施行細則第四十五條之現行狀態，及本法第二十八條所稱認有必要時規定之
D2	batch13_c2	28	ENV-63	第47條	正確選項缺依據	第四十七條已刪除；相關主管機關依第五十條，指本法施行前辦理說明書或評估書之原審查	環境影響評估法施行細則第四十七條之現行狀態，及本法第二十九條所稱相關主管機關規定
D3	batch13_c2	36	ENV-63	第53條	選項a 中英數值不同	zh多:[7.0] en多:[5.0, 11.0, 12.0]	本細則之施行日期，下列敘述何者正確？
D3	batch13_c2	36	ENV-63	第53條	選項b 中英數值不同	zh多:[7.0] en多:[5.0, 11.0, 12.0]	本細則之施行日期，下列敘述何者正確？
D3	batch13_c2	36	ENV-63	第53條	選項c 中英數值不同	zh多:[7.0] en多:[5.0, 12.0]	本細則之施行日期，下列敘述何者正確？
D1	batch13_c3	12	ENV-67	第14條	選項b 疑似也對	應於核准改善或改製計畫書或認定未違反本法規定後	主管機關依本法第四十五條第二款或第三款為啟封交還，應於何時為之？
D1	batch13_c3	12	ENV-67	第14條	選項c 疑似也對	應於核准改善或改製計畫書或認定未違反本法規定後	主管機關依本法第四十五條第二款或第三款為啟封交還，應於何時為之？
D1	batch13_c3	12	ENV-67	第14條	選項d 疑似也對	應於核准改善或改製計畫書或認定未違反本法規定	主管機關依本法第四十五條第二款或第三款為啟封交還，應於何時為之？
D3	batch13_c3	23	ENV-68	第7條	選項c 中英數值不同	zh多:[500.0] en多:[5.0]	運作人、所有人有哪些情形應檢送變更後之危害預防及應變計畫報請備查？其期限為何？
D3	batch13_c3	24	ENV-68	第8條	選項a 中英數值不同	zh多:[500.0] en多:[5.0, 6.0]	發生毒性或具危害性關注化學物質事故者，其危害預防及應變計畫應如何檢討？何謂重大事
D3	batch13_c3	24	ENV-68	第8條	選項d 中英數值不同	zh多:[24.0] en多:[4.0, 20.0]	發生毒性或具危害性關注化學物質事故者，其危害預防及應變計畫應如何檢討？何謂重大事
D3	batch13_c3	32	ENV-69	第6條	選項b 中英數值不同	zh多:[100.0, 500.0] en多:[5.0]	專業技術管理人員之常駐及專職義務為何？何種情形得由廠務或場所主管人員兼任？
D3	batch13_c3	34	ENV-69	第8條	選項d 中英數值不同	zh多:[15.0] en多:[6.0]	專業技術管理人員或代理人不得有哪些行為？
D3	batch13_c3	35	ENV-69	第9條	選項c 中英數值不同	zh多:[24.0] en多:[4.0, 20.0]	運作人應令專業技術管理人員或代理人符合之規定，包括哪些？
D3	batch13_c3	40	ENV-69	第15條	選項a 中英數值不同	zh多:[365.0] en多:[5.0, 8.0, 60.0]	專業技術管理人員有哪些情事應依本法第六十二條規定處罰？所稱一年內如何計算？
D3	batch13_c3	40	ENV-69	第15條	選項b 中英數值不同	zh多:[12.0, 31.0] en多:[8.0]	專業技術管理人員有哪些情事應依本法第六十二條規定處罰？所稱一年內如何計算？
D3	batch13_c3	40	ENV-69	第15條	選項c 中英數值不同	zh多:[365.0] en多:[5.0, 60.0]	專業技術管理人員有哪些情事應依本法第六十二條規定處罰？所稱一年內如何計算？
D2	batch13_d1	2	ENV-77	第3條	正確選項缺依據	逕行代為採取應變必要措施並向污染行為人求償所支出之全部費用	各級主管機關採取追查污染責任之適當措施，下列何者非屬細則明定應包括之事項？
D2	batch13_d1	14	ENV-77	第16條	正確選項缺依據	整治後之土地使用方式及整治完成之自行驗證方式與採樣檢測規劃	污染行為人依本法第十四條提出之土壤、地下水污染調查及評估計畫，其內容不包括下列何
D2	batch13_d1	23	ENV-77	第26條	正確選項缺依據	整治基金收支保管及運用審議會委員之遴聘及其出席費之核給事項	本法第三十條第二項所稱「土壤、地下水污染整治相關工作」，不包括下列何者？
D2	batch13_d1	31	ENV-78	第4條	正確選項缺依據	該條已刪除，現行標準僅就管制項目及管制標準值予以規範	現行土壤污染管制標準中，原就土壤污染監測標準所設之第四條規定，其現況為何？
D2	batch13_d1	35	ENV-78	第2條	正確選項缺依據	須有具體科學性數據足以研判該濃度非因外來污染所造成	土壤污染管制標準第二條所設之排除機制，其核心判斷要件為何？
D2	batch13_d1	38	ENV-79	第4條	正確選項缺依據	毫克／公升	地下水污染管制標準第四條所定污染物管制項目之管制標準值，其濃度單位為何？
D2	batch13_d1	39	ENV-79	第4條	正確選項缺依據	依第一類及第二類地下水分別訂定管制標準值，第一類因位於飲用水水源水質保護區而較嚴	地下水污染管制標準第四條所定管制標準值，係如何配合地下水分類予以適用？
D1	batch13_d2	1	ENV-82	第2條	選項d 疑似也對	指進行土壤污染途徑影響潛勢評分及地下水污染途徑影響潛勢評分	本辦法所稱「初步評估」，其定義為何？
D2	batch13_d2	7	ENV-82	第9條	正確選項缺依據	先依潛勢評估總分，同分者依地下水污染途徑總分，再同分者依土壤污染途徑總分	中央主管機關為處理等級評定時，各場址分數相同者應依何種順序決定優先順序？
D2	batch13_d2	9	ENV-84	第1條	正確選項缺依據	氣候變遷因應法第六十二條之授權規定	氣候變遷因應法施行細則係依據母法何條規定訂定？
D4	batch13_d2	17	ENV-84	第6條	選項a與b過於相似	0.98	各階段管制期間結束後，中央主管機關應於何時向行政院報告前一階段之達成情形？
D2	batch13_d2	22	ENV-84	第12條	正確選項缺依據	各事業盤查登錄之個別排放量清冊及其查驗機構之查驗聲明書	溫室氣體國家報告之內容，不包括下列何者？
D1	batch13_d2	25	ENV-84	第15條	選項d 疑似也對	強化脆弱群體因應氣候變遷衝擊之能力並充分考量人權	各級政府推動氣候變遷調適方案及作為，應依循之基本原則不包括下列何者？
D2	batch13_d2	25	ENV-84	第15條	正確選項缺依據	以碳費收入之多寡決定各地區調適經費之分配比例並優先補助工業區	各級政府推動氣候變遷調適方案及作為，應依循之基本原則不包括下列何者？
D4	batch13_d2	27	ENV-84	第17條	選項a與b過於相似	0.98	中央主管機關就國家氣候變遷調適行動計畫之執行情形，應於何時向行政院報告？
D2	batch13_d2	33	ENV-84	第23條	正確選項缺依據	其會議紀錄應對外公開	中央主管機關依本法第十條第二項舉辦公聽會，其會議紀錄應如何處理？
D2	batch13_d2	35	ENV-84	第25條	正確選項缺依據	本細則自發布日起施行	氣候變遷因應法施行細則之施行日期規定為何？
D1	batch13_d3	6	ENV-85	第7條	選項d 疑似也對	與前一年度相較排放源增設拆除或停止使用之情形	溫室氣體盤查報告書應包括之事項，不包括下列何者？
D2	batch13_d3	6	ENV-85	第7條	正確選項缺依據	事業當年度營業收入、稅後純益及股東權益報酬率等財務績效資料	溫室氣體盤查報告書應包括之事項，不包括下列何者？
D1	batch13_d3	13	ENV-85	第13條	選項d 疑似也對	進貨生產銷貨存貨憑證帳冊相關報表及	主管機關為執行排放量查核作業，得通知事業備妥之資料不包括下列何者？
D1	batch13_d3	15	ENV-85	第15條	選項b 疑似也對	以相同計算方法事業盤查登錄之總排放量與主管機關查核結果差異達	事業有下列何種情形，經通知限期補正或改善屆期仍未完成者，依本法第四十九條第一項處
D2	batch13_d3	16	ENV-85	第16條	正確選項缺依據	應予保密，不得對外洩漏該等資訊	因辦理本辦法規定之審查、查核或查驗而知悉事業營業秘密及個人隱私之資訊者，應如何處
D1	batch13_d3	24	ENV-86	第10條	選項b 疑似也對	扣除上限不得超過事業收費排放量之百分之	非屬高碳洩漏風險之事業以國外減量額度申請收費排放量之扣除，其上限為何？
D1	batch13_d3	24	ENV-86	第10條	選項c 疑似也對	扣除上限不得超過事業收費排放量之百分之	非屬高碳洩漏風險之事業以國外減量額度申請收費排放量之扣除，其上限為何？
D1	batch13_d3	24	ENV-86	第10條	選項d 疑似也對	扣除上限不得超過事業收費排放量之百分之	非屬高碳洩漏風險之事業以國外減量額度申請收費排放量之扣除，其上限為何？
D1	batch13_d3	27	ENV-86	第12條	選項d 疑似也對	得於期限屆滿前向中央主管機關申請展延一次展延期間不得超過	事業無法於期限內提報碳費查核所需資料者，得如何申請展延？
D3	batch13_d3	33	ENV-86	第17條	選項a 中英數值不同	zh多:[1000000.0, 10000000.0, 50000000.0] en多:[10.0, 50.0]	關於碳費差額分期繳納之期數及每期金額標準，下列敘述何者正確？
D3	batch13_d3	33	ENV-86	第17條	選項b 中英數值不同	zh多:[24.0, 10000000.0] en多:[4.0, 10.0, 20.0]	關於碳費差額分期繳納之期數及每期金額標準，下列敘述何者正確？
D3	batch13_d3	33	ENV-86	第17條	選項c 中英數值不同	zh多:[36.0, 1000000.0, 5000000.0] en多:[5.0, 30.0]	關於碳費差額分期繳納之期數及每期金額標準，下列敘述何者正確？
D3	batch13_d3	33	ENV-86	第17條	選項d 中英數值不同	zh多:[2000000.0, 10000000.0] en多:[10.0]	關於碳費差額分期繳納之期數及每期金額標準，下列敘述何者正確？
D3	batch13_d3	34	ENV-86	第17條	選項a 中英數值不同	zh多:[36.0] en多:[6.0, 30.0]	補繳差額在新臺幣二億五千萬元以上且提供擔保之案件，其分期期數及每期金額規定為何？
D3	batch13_d3	34	ENV-86	第17條	選項b 中英數值不同	zh多:[24.0] en多:[4.0, 20.0]	補繳差額在新臺幣二億五千萬元以上且提供擔保之案件，其分期期數及每期金額規定為何？
D3	batch13_d3	34	ENV-86	第17條	選項c 中英數值不同	zh多:[48.0] en多:[8.0, 40.0]	補繳差額在新臺幣二億五千萬元以上且提供擔保之案件，其分期期數及每期金額規定為何？
D2	batch13_d3	40	ENV-86	第23條	正確選項缺依據	本辦法自發布日起施行	碳費收費辦法之施行日期規定為何？
D1	batch13_e1	10	ENV-92	第11條	選項b 疑似也對	方式以外並符合本法第三條第一款環境教育定義具環境教育意義之活	本法第十九條第三項所稱其他活動，細則如何界定？
D3	batch13_e1	13	ENV-92	第14條	選項d 中英數值不同	zh多:[180.0] en多:[80.0]	主管機關依本法第二十四條命限期辦理者，其辦理期間最長為何？
D3	batch13_e1	31	ENV-93	第15條	選項c 中英數值不同	zh多:[65.0] en多:[5.0, 60.0]	受處分人得申請變更環境講習地點之條件為何？
D4	batch13_e2	15	ENV-96	第17條	選項a與c過於相似	0.97	參加各項訓練者缺課時數達何程度應予退訓？已繳訓練費用如何處理？
D1	batch13_e2	17	ENV-96	第20條	選項b 疑似也對	由中央主管機關自測驗或評量結束日起保存	測驗試卷或評量資料之保存機關及保存期間為何？
D3	batch13_e2	25	ENV-96	第26條	選項c 中英數值不同	zh多:[7.0] en多:[70.0]	專責及技術人員有下列何種情形，中央主管機關應廢止其合格證書？
D1	batch13_e2	26	ENV-96	第27條	選項b 疑似也對	年內不得參加該項環境保護專責及技術人員證照訓練	經中央主管機關撤銷或廢止合格證書者，多久內不得參加該項證照訓練？
D1	batch13_e2	26	ENV-96	第27條	選項c 疑似也對	年內不得參加該項環境保護專責及技術人員證照訓練	經中央主管機關撤銷或廢止合格證書者，多久內不得參加該項證照訓練？
D1	batch13_e2	26	ENV-96	第27條	選項d 疑似也對	參加該項環境保護專責及技術人員證照訓練	經中央主管機關撤銷或廢止合格證書者，多久內不得參加該項證照訓練？
D5	batch14_a1	37	ENV-211	第6條	題幹疑似洩答	審核飲用水水質處理藥劑之申請事宜	中央主管機關審核飲用水水質處理藥劑之申請事宜時，得如何進行？
D5	batch14_a2	14	ENV-213	第3條	題幹疑似洩答	進行氣候變遷風險評估	各級政府規劃、執行調適方案時，應依本準則使用何種資料進行氣候變遷風險評估？
D4	batch14_b1	0	ENV-216	第1條	選項b與c過於相似	0.97	環境用藥專供試驗研究、教育示範、專案防治或登記用申請作業準則，係依何項法源訂定？
D2	batch14_b1	8	ENV-216	第6條	正確選項缺依據	自發布日施行，未另訂特定施行日期	本準則之施行日期規定為何？
D4	batch14_b1	9	ENV-217	第1條	選項a與b過於相似	0.97	環境用藥許可證申請核發作業準則之訂定授權依據為何？
D4	batch14_b1	9	ENV-217	第1條	選項c與d過於相似	0.97	環境用藥許可證申請核發作業準則之訂定授權依據為何？
D1	batch14_b1	18	ENV-217	第6條	選項d 疑似也對	列於附件二而其濃度在百分之五以	環境衛生用殺菌劑之劑型種類未列於附件二者，濃度達多少以上屬特殊環境衛生用藥？
D2	batch14_b1	28	ENV-217	第11條	正確選項缺依據	營業場所面積及貯存場所之土地分區使用情形	環境用藥許可證應登記之事項，不包括下列何者？
D4	batch14_b1	37	ENV-219	第1條	選項a與c過於相似	0.97	環境用藥標示準則之訂定授權依據為何？
D2	batch14_b1	48	ENV-219	第8條	正確選項缺依據	自發布日施行，未另訂特定之施行日期	環境用藥標示準則之施行日期規定為何？
D1	batch14_b2	0	ENV-217	第15條	選項d 疑似也對	有效期間為五年每次展延不得超過	環境用藥許可證之有效期間，以及每次展延之期間上限各為何？
D1	batch14_b2	5	ENV-217	第17條	選項b 疑似也對	自最後取得目的事業主管機關核發相關證明文件之日起	許可證變更廠商名稱、地址或國內製造廠名稱、地址者，應於何期限內辦理？
D2	batch14_b2	17	ENV-217	第27條	正確選項缺依據	自發布日施行，未另訂特定之施行日期	環境用藥許可證申請核發作業準則之施行日期規定為何？
D2	batch14_b2	28	ENV-218	第9條	正確選項缺依據	自發布日施行，未另訂特定之施行日期	環境用藥分裝調配及委託製造作業準則之施行日期為何？
D4	batch14_b2	29	ENV-220	第1條	選項a與b過於相似	0.97	環境用藥販賣業及病媒防治業許可執照申請核發作業準則之訂定依據為何？
D2	batch14_b2	44	ENV-220	第12條	正確選項缺依據	自發布日施行，未另訂特定之施行日期	環境用藥販賣業及病媒防治業許可執照申請核發作業準則之施行日期為何？
D2	batch14_b3	4	ENV-221	第3條	正確選項缺依據	廠商名稱、地點、發生時間、傷亡人數、事故場所及類型、化學物質名稱	運作人製作速報時，其事故發生基本資料應包括下列何者？
D2	batch14_b3	15	ENV-222	第2條	正確選項缺依據	重複樣品確定精密度；添加樣品了解基質干擾或方法適當性；查核樣品確定準確性	重複樣品、添加樣品及查核樣品之分析結果，分別可確定何事？
D2	batch14_b3	19	ENV-222	第6條	正確選項缺依據	應含空白、查核、添加及重複樣品分析；揮發性有機物另依公告方法執行運送及現場空白分	有機樣品之品質管制程序為何？檢測揮發性有機物及戴奧辛時另有何規定？
D2	batch14_b3	38	ENV-223	第13條	正確選項缺依據	自發布日施行，未另訂特定之施行日期	辦理土壤及地下水污染場址整治目標公聽會作業準則之施行日期為何？
D2	batch1_a	1	OSH-01	第2條	正確選項缺依據	單純到場參觀之訪客	依本法第2條，「工作者」不包括下列何者？
D2	batch1_a	6	OSH-01	第3條	正確選項缺依據	勞動部	本法所稱中央主管機關為何？
D2	batch1_a	8	OSH-01	第5條	正確選項缺依據	合理可行範圍內	本法第5條規定，雇主使勞工從事工作，應在何種範圍內採取必要之預防設備或措施？
D2	batch1_a	21	OSH-01	第12條	正確選項缺依據	低於標準值	對於中央主管機關定有容許暴露標準之作業場所，雇主應確保勞工之危害暴露如何？
D2	batch1_a	28	OSH-01	第15條	正確選項缺依據	勞動檢查機構	製程安全評估報告，事業單位應報請何機關備查？
D2	batch1_a	38	OSH-01	第20條	正確選項缺依據	體格檢查	依本法第20條，雇主於僱用勞工時應施行何種檢查？
D2	batch1_a	39	OSH-01	第20條	正確選項缺依據	費用由雇主負擔；紀錄由雇主保存	勞工體格及健康檢查之費用由何人負擔？檢查紀錄由何人保存？
D2	batch1_b	2	OSH-01	第20條	正確選項缺依據	有接受之義務	勞工對於雇主依法安排之體格及健康檢查，有無接受之義務？
D2	batch1_b	6	OSH-01	第22-1條	正確選項缺依據	依規定進行之正常工作考核	本法所稱「職場霸凌」，其行為特徵不包括下列何者？
D2	batch1_b	9	OSH-01	第22-2條	正確選項缺依據	應續行調查	雇主因接獲被霸凌勞工申訴而知悉時，對申訴事件進行調查；申訴人有意願者得予協調，若
D2	batch1_b	23	OSH-01	第27條	正確選項缺依據	代承攬人投保勞工保險	下列何者不是本法第27條第1項原事業單位於共同作業時應採取之必要措施？
D2	batch1_b	28	OSH-01	第29條	正確選項缺依據	辦公室影印文件	下列何者不屬本法第29條禁止未滿十八歲者從事之工作？
D2	batch1_b	29	OSH-01	第30條	正確選項缺依據	異常氣壓之工作	依本法第30條第1項，雇主不得使妊娠中之女性勞工從事下列何種工作？
D2	batch1_b	36	OSH-01	第33條	正確選項缺依據	使勞工周知	依本法第33條，雇主應負責宣導本法及有關安全衛生之規定，目的為何？
D2	batch1_b	40	OSH-01	第37條	正確選項缺依據	勞工代表	事業單位工作場所發生職業災害，雇主應即採取急救、搶救等措施，並會同何人實施調查、
D2	batch1_c	0	OSH-01	第38條	正確選項缺依據	按月	中央主管機關指定之事業，雇主應依規定填載職業災害內容及統計，多久報請勞動檢查機構
D2	batch1_c	16	OSH-02	第8條	正確選項缺依據	雇主之營運成本高低	施行細則對本法第5條「合理可行範圍」之定義，其判斷依據不包括下列何者？
D2	batch1_c	17	OSH-02	第12條	正確選項缺依據	固定式起重機	下列何者不是施行細則第12條所列本法第7條指定之機械、設備或器具？
D2	batch1_c	24	OSH-02	第22條	正確選項缺依據	動力堆高機	下列何者不屬施行細則第22條所列具有危險性之機械？
D2	batch1_c	25	OSH-02	第23條	正確選項缺依據	蒸汽鍋爐	下列何者屬施行細則第23條所列具有危險性之設備？
D2	batch1_c	26	OSH-02	第24條	正確選項缺依據	年終檢查	下列何者不是施行細則第24條所列危險性機械設備之檢查項目？
D2	batch1_c	29	OSH-02	第25條	正確選項缺依據	強風、大雨或地震	從事河川工程、河堤、海堤或圍堰等作業，因何種情形致有發生危險之虞，屬施行細則第2
D1	batch1_c	32	OSH-02	第32條	選項b 疑似也對	擬訂規劃推動及督導職業安全衛生有關業務	施行細則第32條所定安全衛生組織中，「職業安全衛生委員會」之功能為何？
D2	batch1_c	33	OSH-02	第33條	正確選項缺依據	勞動檢查員	下列何者不屬施行細則第33條所稱之安全衛生人員？
D1	batch1_c	37	OSH-02	第41條	選項a 疑似也對	事業之安全衛生管理及各級之權責	下列何者不是施行細則第41條所定安全衛生工作守則應包含之內容？
D2	batch1_c	37	OSH-02	第41條	正確選項缺依據	公司年度營收目標	下列何者不是施行細則第41條所定安全衛生工作守則應包含之內容？
D2	batch1_c	38	OSH-02	第43條	正確選項缺依據	由工會推派	事業單位設有工會者，本法第34條及第37條所定「勞工代表」由何者產生？
D2	batch2_a	2	OSH-07	第6條	正確選項缺依據	堆高機	職業安全衛生設施規則所稱「車輛機械」，下列何者屬之？
D2	batch2_a	3	OSH-07	第13條	正確選項缺依據	汽油	依設施規則第13條，下列何者屬閃火點未滿攝氏零下三十度之易燃液體？
D2	batch2_a	4	OSH-07	第12條	正確選項缺依據	金屬鈉	下列何者屬設施規則第12條所稱之「著火性物質」？
D1	batch2_a	6	OSH-07	第19-1條	選項a 疑似也對	非供勞工在其內部從事經常性作業	設施規則所稱「局限空間」之定義，不包括下列何項特徵？
D2	batch2_a	6	OSH-07	第19-1條	正確選項缺依據	面積在十平方公尺以下	設施規則所稱「局限空間」之定義，不包括下列何項特徵？
D2	batch2_a	12	OSH-07	第29-1條	正確選項缺依據	危害防止計畫	雇主使勞工於局限空間作業前，應先確認有無危害，有危害之虞者應訂定何種計畫？
D2	batch2_a	16	OSH-07	第29-6條	正確選項缺依據	指定專人確認無危害之虞，並簽署動火許可	勞工進入局限空間從事焊接、切割等動火作業時，除進入許可外，還應辦理何事？
D2	batch2_a	20	OSH-07	第34條	正確選項缺依據	外開式	設置於緊急避難用出口或通道之門，應為何種型式？
D2	batch2_a	24	OSH-07	第41條	正確選項缺依據	動力堆高機	下列何種機械依設施規則第41條，應具安全構造並依機械設備器具安全標準辦理？
D2	batch2_a	29	OSH-07	第56條	正確選項缺依據	手套	對於鑽孔機、截角機等旋轉刃具作業，勞工手指有觸及之虞者，雇主應明確告知及標示勞工
D2	batch2_a	30	OSH-07	第57條	正確選項缺依據	停止運轉及送料、上鎖及設置標示防止誤操作、設置防止落下物之設備	機械之掃除、上油、檢查、修理有導致危害之虞時，應採取下列何種措施？
D2	batch2_a	36	OSH-07	第73條	正確選項缺依據	覆蓋及連鎖裝置	離心機械應裝置何種裝置，使覆蓋未完全關閉時無法啟動？
D2	batch2_a	48	OSH-07	第108條	正確選項缺依據	應分開貯存	高壓氣體貯存，可燃性氣體、有毒性氣體及氧氣之鋼瓶應如何處理？
D2	batch2_a	49	OSH-07	第116條	正確選項缺依據	不得搭載	車輛系營建機械及堆高機，除乘坐席位外，於作業時是否得搭載勞工？
D2	batch2_a	51	OSH-07	第116條	正確選項缺依據	駕駛座安全帶	使用座式操作之配衡型堆高機及側舉型堆高機，駕駛勞工應確實使用何種裝備？
D2	batch2_a	53	OSH-07	第119條	正確選項缺依據	堅固頂蓬	使用於作業場所之車輛系營建機械，應設置何種裝置以防止物體掉落之危害？
D2	batch2_a	54	OSH-07	第120條	正確選項缺依據	行經路線及作業方法	車輛系營建機械作業有翻落、表土崩塌之虞者，雇主事先決定之事項中，應告知作業勞工者
D2	batch2_a	55	OSH-07	第124條	正確選項缺依據	後扶架	堆高機非置備何種裝置者不得使用？
D2	batch2_b	9	OSH-07	第174條	正確選項缺依據	氧氣	從事熔接、熔斷等使用明火之作業時，不得以何種氣體供為通風或換氣之用？
D2	batch2_b	11	OSH-07	第179-1條	正確選項缺依據	槽車引擎熄火並設置輪擋	使用槽車從事灌注或卸收危險物作業前，應採取何種措施？
D2	batch2_b	15	OSH-07	第190條	正確選項缺依據	專用板手	熔接用可燃性氣體及氧氣之容器，使用時應留置何物於容器閥柄上，以備緊急時遮斷氣源？
D2	batch2_b	17	OSH-07	第199條	正確選項缺依據	平房	處理危險物之乾燥室，原則上應為何種建築？
D2	batch2_b	28	OSH-07	第226條	正確選項缺依據	使勞工停止作業	高度二公尺以上之作業場所遇強風、大雨等惡劣氣候致有墜落危險時，雇主應如何？
D2	batch2_b	39	OSH-07	第254條	正確選項缺依據	停電作業區藍色、有電危險區紅色	停電作業時，停電作業範圍應以何種顏色之帶或網加圍？有電部分則以何種顏色？
D2	batch2_b	46	OSH-07	第274條	正確選項缺依據	橡皮手套	電氣技術人員以操作棒操作高壓開關時，應使用何種防護具？
D2	batch2_b	53	OSH-07	第287-1條	正確選項缺依據	純氧氣體	使勞工使用輸氣管面罩呼吸防護具時，應避免使用何種氣體供氣？
D2	batch2_b	60	OSH-07	第303-1條	正確選項缺依據	第四級	戶外作業熱危害風險等級達熱指數對照表第幾級以上者，應設置遮陽設施及具降溫效果之休
D2	batch2_b	72	OSH-07	第324-5條	正確選項缺依據	適當之坐具	對於連續站立作業之勞工，雇主應設置何種設備供休息時使用？
D2	batch2_b	73	OSH-07	第324-6條	正確選項缺依據	禁止勞工飲水以免上廁所	使勞工從事戶外作業防範熱疾病之危害預防措施，不包括下列何者？
D2	batch2_c	1	OSH-36	第3條	正確選項缺依據	施工規劃階段	依營造標準第3條，雇主應於何階段依設計階段之風險評估及圖說實施風險評估，並將安全
D3	batch2_c	5	OSH-36	第11-2條、第174條	選項a 中英數值不同	zh多:[7.0] en多:[116.0]	依民國115年修正之營造標準第11條之2，進入營繕工程工作場所作業人員應於事前接
D3	batch2_c	5	OSH-36	第11-2條、第174條	選項b 中英數值不同	zh多:[7.0] en多:[115.0]	依民國115年修正之營造標準第11條之2，進入營繕工程工作場所作業人員應於事前接
D3	batch2_c	5	OSH-36	第11-2條、第174條	選項d 中英數值不同	zh多:[7.0] en多:[117.0]	依民國115年修正之營造標準第11條之2，進入營繕工程工作場所作業人員應於事前接
D2	batch2_c	20	OSH-36	第28條	正確選項缺依據	不得，但設置滑槽、圍屏、警示線及專責監視人員者不在此限	雇主得否使勞工以投擲之方式運送物料？
D2	batch2_c	28	OSH-36	第47條	正確選項缺依據	不得	雇主得否使勞工在施工架上使用梯子、合梯或踏凳從事作業？
D2	batch2_c	43	OSH-36	第73條	正確選項缺依據	對接，並加設護材	擋土支撐之構築，壓力構材之接頭應採何種方式？
D2	batch2_c	46	OSH-36	第80條	正確選項缺依據	予以清點或登記	隧道、坑道開挖作業，雇主應於勞工進出隧道、坑道時如何辦理？
D2	batch2_c	53	OSH-36	第110條	正確選項缺依據	有接頭者	基樁等施工設備之捲揚鋼纜，下列何種情形不得使用？
D2	batch3_a	4	OSH-34	第5條	正確選項缺依據	純氧氣體	從事缺氧危險作業時應適當換氣，保持氧氣濃度在百分之十八以上；實施換氣時不得使用何
D2	batch3_a	7	OSH-34	第8條	正確選項缺依據	使出入口之門或蓋不致閉鎖	使勞工於冷藏室、冷凍室、地窖等密閉設施內部作業時，作業期間應採取何種措施？
D2	batch3_a	11	OSH-34	第20條	正確選項缺依據	缺氧作業主管	雇主使勞工從事缺氧危險作業時，應於每一班次指定何人從事監督事項？
D2	batch3_a	18	OSH-34	第17條	正確選項缺依據	予以確認或點名登記	雇主使勞工從事缺氧危險作業時，對進出各該場所之勞工應如何處理？
D3	batch3_a	23	OSH-15	第8條	選項b 中英數值不同	zh多:[55.0] en多:[5.0, 50.0]	勞工有下列何種情事時，雇主不得使其從事高架作業？
D1	batch3_a	27	OSH-14	第3條	選項b 疑似也對	07×自然濕球溫度＋02×黑球溫度＋01×乾球溫度	戶內或戶外無日曬情形之綜合溫度熱指數計算公式為何？
D1	batch3_a	28	OSH-14	第4條	選項b 疑似也對	僅以坐姿或立姿進行手臂部動作以操縱機器	高溫作業標準所稱「重工作」，指下列何者？
D1	batch3_a	28	OSH-14	第4條	選項c 疑似也對	於走動中提舉或推動一般重量物體	高溫作業標準所稱「重工作」，指下列何者？
D2	batch3_a	30	OSH-14	第5條	正確選項缺依據	0%休息、100%作業	重工作之時量平均綜合溫度熱指數達攝氏 25.9 度時，其每小時作息比例為何？
D2	batch3_a	34	OSH-14	第7條	正確選項缺依據	不得減少	實施高溫作業作息時間標準後降低工作時間之勞工，其原有工資應如何？
D2	batch3_a	35	OSH-14	第9條	正確選項缺依據	飲用水及食鹽	雇主使勞工從事高溫作業時，應充分供應何物？
D2	batch3_b	10	OSH-18	第20條	正確選項缺依據	中間壓減時間；重體力作業	勞工當日從事二次以上高壓室內作業時，為減少體內氮氣殘留，前次減壓終了起應給與之時
D2	batch3_b	14	OSH-18	第30條	正確選項缺依據	每日；每週	高壓室內作業之輸氣管、排氣管及通話設備應多久檢點一次？自動警報裝置與輸氣用空氣壓
D2	batch3_b	34	OSH-18	第57條	正確選項缺依據	救生衣	使用水肺從事潛水作業時，除攜帶水中計時器、深度表及潛水刀外，並應使勞工著用何物？
D2	batch3_b	41	OSH-12	第5條	正確選項缺依據	產品售價	裝有危害性化學品之容器，應標示之事項不包括下列何者？
D1	batch3_b	49	OSH-12	第17條	選項c 疑似也對	安全資料表置於工作場所易取得之處	雇主為使勞工知悉危害性化學品之危害資訊，應採取之措施不包括下列何者？
D2	batch3_b	49	OSH-12	第17條	正確選項缺依據	將安全資料表鎖在主管辦公室	雇主為使勞工知悉危害性化學品之危害資訊，應採取之措施不包括下列何者？
D2	batch3_b	51	OSH-12	第18條	正確選項缺依據	中央主管機關	製造者、輸入者或供應者為保護商品營業秘密，欲保留揭示安全資料表中之危害成分名稱等
D3	batch3_b	54	OSH-12	第23條	選項b 中英數值不同	zh多:[9.0] en多:[115.0]	民國115年8月26日修正發布之第5條附表一及第12條附表四，自何時施行？
D3	batch3_b	54	OSH-12	第23條	選項d 中英數值不同	zh多:[7.0] en多:[117.0]	民國115年8月26日修正發布之第5條附表一及第12條附表四，自何時施行？
D2	batch3_b	56	OSH-12	第10條	正確選項缺依據	得免再標示	裝有危害性化學品之容器於運輸時已依交通法規設置標示者，該容器於工作場所內運輸時是
D2	batch3_c	0	OSH-34	第1條	正確選項缺依據	第六條第三項	缺氧症預防規則係依職業安全衛生法第幾條規定訂定？
D2	batch3_c	2	OSH-34	第2條	正確選項缺依據	該等物質易吸收空氣中之氧氣	置放煤、褐煤、硫化礦石、鋼材、鐵屑、原木片、乾性油、魚油等物質之儲槽或倉庫內部屬
D2	batch3_c	11	OSH-15	第1條	正確選項缺依據	第十九條第二項	高架作業勞工保護措施標準係依職業安全衛生法第幾條規定訂定？
D2	batch3_c	13	OSH-15	第8條	正確選項缺依據	不得	身體虛弱經醫師診斷認為身體狀況不良之勞工，雇主得否使其從事高架作業？
D2	batch3_c	14	OSH-14	第2條	正確選項缺依據	不包括在高溫作業內	高溫作業已採取自動化操作方式且勞工無暴露熱危害之虞者，是否適用高溫作業標準？
D2	batch3_c	15	OSH-14	第3條	正確選項缺依據	各次熱指數乘各次工作時間之總和，除以總工作時間	時量平均綜合溫度熱指數之計算方式為何？
D2	batch3_c	16	OSH-14	第4條	正確選項缺依據	中度工作	於走動中提舉或推動一般重量物體之工作，屬何種工作？
D2	batch3_c	19	OSH-14	第8條	正確選項缺依據	從其規定	雇主原訂高溫作業勞工之工作條件優於高溫作業標準者，應如何？
D2	batch3_c	21	OSH-18	第8條	正確選項缺依據	空氣清淨裝置	空氣壓縮機與作業室或氣閘室之間應設置何種裝置？
D2	batch3_c	22	OSH-18	第11條	正確選項缺依據	能迅即告知操作勞工之自動警報裝置	為防止空氣壓縮機輸往作業室之空氣發生異常升溫，應設置何種裝置？
D2	batch3_c	32	OSH-18	第42條	正確選項缺依據	水下切割及熔接、進出沈船洞穴、夜間低能見度水域、高速水流水域	下列何者屬應提供必要裝備並告知特殊危害預防事項之特殊危險潛水作業？
D2	batch3_c	36	OSH-18	第54條	正確選項缺依據	每週；每半年	使用水面供氣設備潛水時，空氣壓縮機或手動氣泵應多久檢點一次？流量計應多久檢點一次
D2	batch3_c	37	OSH-18	第54條	正確選項缺依據	每半年	使用水肺供氣潛水者，其氣瓶應多久檢點一次？
D2	batch3_c	39	OSH-18	第66條	正確選項缺依據	移動型者	再壓室應設置主再壓室及副再壓室，但何者不在此限？
D1	batch4_a	10	OSH-09	第5-1條	選項b 疑似也對	擬訂規劃推動及督導安全衛生管理事項並指導有關部門	依職業安全衛生管理辦法，職業安全衛生委員會之職責為何？
D1	batch4_a	11	OSH-09	第5-1條	選項d 疑似也對	指揮監督所屬執行安全衛生管理事項	事業單位未置有職業安全（衛生）管理師、職業安全衛生管理員者，其職業安全衛生業務主
D1	batch4_a	14	OSH-09	第7條	選項b 疑似也對	領有職業安全管理甲級技術士證照	下列何者為職業安全衛生管理員之資格之一？
D1	batch4_a	16	OSH-09	第7條	選項b 疑似也對	職業安全衛生業務主管教育訓練者	營造業之事業單位的職業安全衛生業務主管，應由何人選任？
D1	batch4_a	16	OSH-09	第7條	選項c 疑似也對	領有職業安全衛生管理乙級技術士證照	營造業之事業單位的職業安全衛生業務主管，應由何人選任？
D2	batch4_a	28	OSH-09	第12-3條	正確選項缺依據	依變更管理程序辨識危害、評估風險並採取預防措施，檢討更新文件並使勞工知悉及受訓	應建置管理系統之事業單位，於引進或修改製程、作業程序、材料及設備前，應如何？
D2	batch4_a	34	OSH-09	第15-1條、第15-2條	正確選項缺依據	每月	雇主對高空工作車，應每年實施整體檢查一次外，每多久定期檢查制動裝置、作業裝置及安
D1	batch4_a	39	OSH-09	第22條	選項b 疑似也對	終點極限開關緊急停止裝置制動器控制裝置	雇主對升降機應每年整體檢查一次，每月檢查之項目不包括下列何者？
D2	batch4_a	39	OSH-09	第22條	正確選項缺依據	車廂內裝飾	雇主對升降機應每年整體檢查一次，每月檢查之項目不包括下列何者？
D2	batch4_a	40	OSH-09	第24條	正確選項缺依據	每月	雇主對吊籠應每多久定期檢查過捲預防裝置、制動器、吊臂伸臂工作台、升降裝置配線配電
D2	batch4_a	42	OSH-09	第27條	正確選項缺依據	每年	雇主對乾燥設備及以氣體或液體燃料為熱源之加熱設備，應每多久定期檢查一次？
D2	batch4_a	43	OSH-09	第30條、第31條	正確選項缺依據	每年	雇主對高壓電氣設備及低壓電氣設備，應每多久定期檢查一次？
D2	batch4_a	44	OSH-09	第31-1條	正確選項缺依據	每月	雇主對於防爆電氣設備，應每多久定期檢查本體及配管配線有無損傷變形一次？
D2	batch4_a	45	OSH-09	第32條	正確選項缺依據	每月	雇主對鍋爐應每多久定期檢查本體、燃燒裝置、自動控制裝置及附屬裝置一次？
D2	batch4_a	46	OSH-09	第33條	正確選項缺依據	每月	雇主對高壓氣體特定設備、高壓氣體容器及第一種壓力容器，應每多久定期檢查一次？
D2	batch4_a	49	OSH-09	第40條	正確選項缺依據	每年	雇主對局部排氣裝置、空氣清淨裝置及吹吸型換氣裝置，應每多久定期檢查一次？
D2	batch4_a	50	OSH-09	第42條	正確選項缺依據	每個月	雇主對異常氣壓之再壓室或減壓艙，應每多久定期檢查輸排氣設備、通話設備警報裝置、漏
D2	batch4_a	54	OSH-09	第45條	正確選項缺依據	初次使用前	雇主對第二種壓力容器及減壓艙，應於何時實施重點檢查？
D2	batch4_a	57	OSH-09	第50條	正確選項缺依據	每日作業前	雇主對車輛機械，應於何時就制動器、連結裝置、儀器、蓄電池配線控制裝置實施檢點？
D2	batch4_a	59	OSH-09	第58條	正確選項缺依據	每日作業前	雇主對起重機械使用之吊掛用鋼索、吊鏈、纖維索、吊鉤、吊索、鏈環等用具，應於何時實
D2	batch4_a	60	OSH-09	第60條	正確選項缺依據	可動範圍外	雇主對工業用機器人每日作業前實施檢點時，應儘可能在何處為之？
D2	batch4_a	66	OSH-09	第79條	正確選項缺依據	自動檢查計畫	雇主依規定實施定期檢查、重點檢查及作業檢點（機械設備部分），應訂定何種計畫？
D2	batch4_a	70	OSH-09	第84條	正確選項缺依據	原事業單位（必要時得會同承攬人；承攬人有能力時得書面約定由其為之）	事業單位交付承攬時，承攬人使用之機械設備係由原事業單位提供者，其定期檢查及重點檢
D2	batch4_b	2	OSH-11	第5條	正確選項缺依據	到職前	雇主對擔任職業安全管理師、職業衛生管理師及職業安全衛生管理員之勞工，應於何時使其
D2	batch4_b	5	OSH-11	第10條	正確選項缺依據	擋土支撐、露天開挖、模板支撐、隧道挖掘、隧道襯砌、施工架組配、鋼構組配、屋頂作業	下列何者屬營造作業主管之安全衛生教育訓練對象？
D2	batch4_b	11	OSH-11	第14條	正確選項缺依據	特殊作業人員	吊升荷重在零點五公噸以上未滿三公噸之移動式起重機操作人員，屬何種教育訓練對象？
D2	batch4_b	27	OSH-11	第37條	正確選項缺依據	使用中文，輔以圖說實例或災害案例；使用公制單位；橫式由左至右；載明編輯委員	教育訓練教材之編撰原則，下列何者正確？
D2	batch4_b	51	OSH-10	第21條	正確選項缺依據	游離輻射、粉塵、苯、石綿、氯乙烯、甲醛、鎘等	從事下列何種作業之特殊體格（健康）檢查紀錄，應至少保存三十年？
D2	batch4_b	52	OSH-10	第22條	正確選項缺依據	第四級管理	特殊健康檢查結果部分或全部項目異常，經職醫綜合判定為異常且與工作有關者，屬第幾級
D2	batch4_c	1	OSH-08	第2條	正確選項缺依據	甲類	從事石油產品之裂解反應以製造石化基本原料之工作場所，屬何類危險性工作場所？
D2	batch4_c	2	OSH-08	第2條	正確選項缺依據	乙類	使用異氰酸甲酯、氯化氫、氨、甲醛、過氧化氫或吡啶從事農藥原體合成之工作場所，屬何
D2	batch4_c	13	OSH-08	第6條	正確選項缺依據	化學工程、職業衛生、機械工程或電機工程技師	事業單位未置製程安全評估人員者，得以完成製程安全評估人員訓練之工業安全技師及下列
D2	batch4_c	16	OSH-08	第9條	正確選項缺依據	施工安全評估報告書	申請審查及檢查乙類工作場所應檢附之資料，不包括下列何者？
D2	batch4_d	6	OSH-09	第3條附表二	正確選項缺依據	職業衛生管理師	依附表二附註，置職業安全（衛生）管理師二人以上者，其中至少一人應為何種資格？
D2	batch4_d	7	OSH-11	第3條附表一	正確選項缺依據	四十二小時	甲種職業安全衛生業務主管安全衛生教育訓練之時數為幾小時？
D2	batch4_d	8	OSH-11	第3條附表一	正確選項缺依據	三十五小時；二十一小時	乙種及丙種職業安全衛生業務主管教育訓練之時數各為幾小時？
D2	batch4_d	9	OSH-11	第3條附表一	正確選項缺依據	六小時	丁種職業安全衛生業務主管教育訓練之時數為幾小時？
D2	batch4_d	10	OSH-11	第10條附表八	正確選項缺依據	十八小時	擋土支撐、模板支撐、施工架組配、屋頂作業等營造作業主管之安全衛生教育訓練時數為幾
D2	batch4_d	11	OSH-11	第11條附表九	正確選項缺依據	十八小時；三十六小時	有機溶劑、缺氧、特定化學物質等有害作業主管之教育訓練時數為幾小時？潛水作業主管為
D2	batch4_d	12	OSH-11	第12條附表十	正確選項缺依據	三十八小時	吊升荷重三公噸以上之固定式起重機、移動式起重機及人字臂起重桿操作人員之教育訓練時
D2	batch4_d	13	OSH-11	第12條附表十	正確選項缺依據	二十六小時；二十一小時	吊籠操作人員與營建用提升機操作人員之教育訓練時數各為幾小時？
D2	batch4_d	14	OSH-11	第9條附表七	正確選項缺依據	二十二小時	高壓氣體製造安全主任之安全衛生教育訓練時數為幾小時？
D2	batch4_d	15	OSH-10	第2條附表一	正確選項缺依據	八十五分貝	勞工噪音暴露工作日八小時日時量平均音壓級在多少分貝以上之噪音作業，屬特別危害健康
D2	batch5_a	15	OSH-03	第29條	正確選項缺依據	於認有必要時以書面通知部分或全部停工	事業單位未依勞動檢查機構通知限期改善事項辦理而有發生職業災害之虞時，勞動檢查機構
D2	batch5_a	29	OSH-25	第2條	正確選項缺依據	墜落、感電、倒塌崩塌、火災爆炸、中毒缺氧	勞動檢查法第28條所定勞工有立即發生危險之虞之類型有哪些？
D2	batch5_c	3	OSH-22	第9條	正確選項缺依據	第二級管理	母性健康保護風險分級中，作業場所空氣中暴露濃度在容許暴露標準十分之一以上未達二分
D2	batch5_c	7	OSH-20	第2條附表一	正確選項缺依據	坑內工作、處理爆炸性易燃性物質、鉛汞鉻砷等有害物散布場所、有害輻射、有害粉塵、運	雇主不得使未滿十八歲者從事之工作，下列何者屬之？
D2	batch5_c	10	OSH-20	第3條附表二	正確選項缺依據	十公斤；六公斤	妊娠中之女性勞工從事重物處理作業，斷續性作業及持續性作業之規定值各為多少公斤？
D2	batch5_c	11	OSH-20	第4條附表三	正確選項缺依據	礦坑工作、鉛及其化合物散布場所、鑿岩機等顯著振動、一定重量以上重物處理	雇主不得使分娩後未滿一年之女性勞工從事之工作，下列何者屬之？
D3	batch5_c	12	OSH-20	第5條	選項b 中英數值不同	zh多:[11.0] en多:[114.0]	妊娠與分娩後女性及未滿十八歲勞工禁止工作認定標準 114年11月20日修正之附表
D3	batch5_c	12	OSH-20	第5條	選項c 中英數值不同	zh多:[7.0] en多:[115.0]	妊娠與分娩後女性及未滿十八歲勞工禁止工作認定標準 114年11月20日修正之附表
D2	batch5_c	31	OSH-23	第26條	正確選項缺依據	關閉圍柵出入口並上鎖將人員留在內部	使工作者於機器人可動範圍內實施作業時，應採取之措施不包括下列何者？
D2	batch5_d	27	OSH-38	第4-3條	正確選項缺依據	不以被害人向雇主提出申訴為限	性別平等工作法第13條第2項所定雇主「知悉」性騷擾情形，是否以被害人提出申訴為限
D2	batch5_d	28	OSH-38	第5條	正確選項缺依據	均應包括	性別平等工作法第13條、第19條及第23條所定僱用人數之計算，是否包括分支機構及
D2	batch6_a	0	OSH-39	第2條	正確選項缺依據	鉛蓄電池製造修理解體中鉛之熔融鑄造研磨、含鉛塗料之剝除、通風不充分場所之鉛合金軟	鉛中毒預防規則所稱鉛作業，下列何者屬之？
D2	batch6_a	14	OSH-40	第13條	正確選項缺依據	加鉛汽油	雇主使勞工從事清洗作業或供給勞工清洗手足身體之清洗劑時，不得使用何物？
D3	batch6_a	23	OSH-45	第14條	選項c 中英數值不同	zh多:[5.0] en多:[20.0]	設置第6條規定設施顯有困難時，雇主得向何機關申請免除？應檢附何文件？
D2	batch6_b	17	OSH-47	第3條	正確選項缺依據	儲槽、貨櫃、船艙、凹窪、坑、隧道、暗溝或人孔、涵箱、導管、水管之內部	有機溶劑中毒預防規則所稱「儲槽等」之作業場所包括下列何者？
D2	batch6_c	2	OSH-42	第5條	正確選項缺依據	自吊升荷重扣除吊鉤、抓斗等吊具重量所得之荷重	起重升降機具安全規則所稱「額定荷重」在未具伸臂之固定式起重機係指？
D4	batch6_c	19	OSH-42	第102條	選項a與d過於相似	0.98	勞工於吊籠工作台上作業時應佩戴何種防護具？工作台上得否放置腳墊梯子？
D2	batch6_c	24	OSH-50	第17條	正確選項缺依據	除塵或廢氣處理裝置之後（無爆炸之虞且不腐蝕排氣機者除外）；室外	特定化學物質作業之局部排氣裝置，設置除塵裝置或廢氣處理裝置者，其排氣機應置於何處
D2	batch6_c	29	OSH-50	第31條	正確選項缺依據	立即使勞工避難，確認安全前揭示「禁止進入」，但使用防護具及作業主管指導下之搶救及	丙類第一種或丁類物質發生漏洩致有危害勞工之虞時，雇主應如何？
D3	batch6_d	10	OSH-48	第28條	選項a 中英數值不同	zh多:[15.0] en多:[0.15]	雇主歇業清算或破產時，勞工積欠工資未滿幾個月部分與第一順位抵押權等擔保債權受償順
D3	batch6_d	10	OSH-48	第28條	選項b 中英數值不同	zh多:[10.0] en多:[0.1]	雇主歇業清算或破產時，勞工積欠工資未滿幾個月部分與第一順位抵押權等擔保債權受償順
D3	batch6_d	10	OSH-48	第28條	選項d 中英數值不同	zh多:[5.0] en多:[0.05]	雇主歇業清算或破產時，勞工積欠工資未滿幾個月部分與第一順位抵押權等擔保債權受償順
D2	batch6_d	16	OSH-48	第39條	正確選項缺依據	由雇主照給；加倍發給	例假、休息日、休假及特別休假之工資應如何？雇主徵得勞工同意於休假日工作者工資如何
D4	batch8_a	5	ENV-26	第18條	選項a與b過於相似	0.97	空污專責人員或代理人不得有下列何種行為？公私場所未依規定設置專責單位或人員依空污
D4	batch8_a	8	ENV-27	第7條	選項a與c過於相似	0.98	排放標準中未列排放管道排放標準之氣體污染物，低排放管道（h≦6 m）之單位時間最
D2	batch8_b	1	ENV-30	第6條	正確選項缺依據	高中以下學校、大專圖書館博物館、醫療及社福機構、政府及企業辦公場所、大眾運輸車站	下列何者屬室內空氣品質管理法得經公告之公私場所？
D2	batch8_d	1	ENV-77	第14條	正確選項缺依據	提出者撰寫者執行者資料、場址基本資料現況及污染情形、調查方式、污染物範圍程度、控	土壤地下水污染控制計畫之內容應包括哪些事項？
D3	batch9_a	5	ENV-29	第14條	選項c 中英數值不同	zh多:[24.0] en多:[4.0, 20.0]	空氣品質預警或嚴重惡化警告發布後，於何種條件下得調降等級？於何種條件下得解除預警
D3	batch9_a	6	ENV-29	第12條	選項d 中英數值不同	zh多:[24.0] en多:[4.0, 20.0]	地方主管機關應於每年何期間依空氣品質預報資料執行附件六之行為管制？嚴重惡化警告發
D1	batch9_a	7	ENV-32	第3條	選項b 疑似也對	僅使用石油煉製業煉製販售符合國家標準之石油製品或每年總設計實	公私場所固定污染源使用生煤或指定公告燃料應申請燃料使用許可證，但何種情形不在此限
D4	batch9_a	19	ENV-33	第11條、第12條	選項a與b過於相似	0.98	以檢測結果計算排放量之固定污染源，其檢測結果與申報數值差異達多少應重新核算？以質
D1	batch9_a	36	ENV-36	第2條	選項b 疑似也對	指在道路上不依軌道或電力架設而以原動機行駛之車輛	本辦法所稱汽車之定義為何？
D3	batch9_a	50	ENV-41	第6條	選項a 中英數值不同	zh多:[8.0] en多:[20.0]	一般地區音量標準值中，第一類噪音管制區之日間、晚間、夜間均能音量分別為何？第一、
D3	batch9_a	50	ENV-41	第6條	選項b 中英數值不同	zh多:[8.0] en多:[20.0]	一般地區音量標準值中，第一類噪音管制區之日間、晚間、夜間均能音量分別為何？第一、
D3	batch9_a	50	ENV-41	第6條	選項c 中英數值不同	zh多:[10.0] en多:[22.0]	一般地區音量標準值中，第一類噪音管制區之日間、晚間、夜間均能音量分別為何？第一、
D3	batch9_a	50	ENV-41	第6條	選項d 中英數值不同	zh多:[9.0] en多:[21.0]	一般地區音量標準值中，第一類噪音管制區之日間、晚間、夜間均能音量分別為何？第一、
D3	batch9_a1	7	ENV-29	第13條	選項c 中英數值不同	zh多:[24.0] en多:[4.0, 20.0]	空氣品質嚴重惡化警告發布後，中央主管機關應如何辦理氣象資料之蒐集及提供？
D4	batch9_a1	11	ENV-33	第1條	選項b與c過於相似	0.98	空氣污染防制費收費辦法之授權訂定依據為何？
D5	batch9_a1	14	ENV-33	第8條	題幹疑似洩答	申報審查核定及通知等業務	各級主管機關辦理空污費申報審查、核定及通知等業務時，得如何辦理？
D3	batch9_a1	20	ENV-33	第16條	選項a 中英數值不同	zh多:[1000000.0, 5000000.0] en多:[5.0]	主管機關核准分期繳納空污費差額之期數及每期最低金額標準為何？
D3	batch9_a1	20	ENV-33	第16條	選項b 中英數值不同	zh多:[1000000.0, 5000000.0] en多:[5.0]	主管機關核准分期繳納空污費差額之期數及每期最低金額標準為何？
D3	batch9_a1	20	ENV-33	第16條	選項d 中英數值不同	zh多:[1000000.0, 5000000.0] en多:[5.0]	主管機關核准分期繳納空污費差額之期數及每期最低金額標準為何？
D2	batch9_a1	22	ENV-33	第18條	正確選項缺依據	本條業經刪除，現行條文已無第十八條之實質規定	空氣污染防制費收費辦法第十八條之現行狀態為何？
D2	batch9_a1	23	ENV-33	第19條	正確選項缺依據	本條業經刪除，現行條文已無第十九條之實質規定	空氣污染防制費收費辦法第十九條之現行狀態為何？
D1	batch9_a1	29	ENV-33	第26條	選項b 疑似也對	費申報資料繳費收據相關紀錄資料及證明資料應保存	公私場所申報空污費之申報資料、繳費收據、相關紀錄資料及證明資料應保存幾年備查？
D1	batch9_a1	29	ENV-33	第26條	選項c 疑似也對	費申報資料繳費收據相關紀錄資料及證明資料應保存	公私場所申報空污費之申報資料、繳費收據、相關紀錄資料及證明資料應保存幾年備查？
D1	batch9_a1	29	ENV-33	第26條	選項d 疑似也對	費申報資料繳費收據相關紀錄資料及證明資料應保存	公私場所申報空污費之申報資料、繳費收據、相關紀錄資料及證明資料應保存幾年備查？
D4	batch9_a1	31	ENV-35	第1條	選項b與c過於相似	0.98	鍋爐空氣污染物排放標準之授權訂定依據為何？
D4	batch9_a1	32	ENV-35	第3條	選項a與b過於相似	0.98	鍋爐空氣污染物排放標準之適用對象及其適用順序為何？
D3	batch9_a2	9	ENV-32	第13條	選項b 中英數值不同	zh多:[500.0] en多:[5.0]	設置許可證應檢具之空氣污染防制計畫，其內容應包括下列何者？
D3	batch9_a2	38	ENV-32	第47條	選項c 中英數值不同	zh多:[8.0] en多:[80.0]	公私場所執行試車計畫或空氣污染物排放檢測計畫期間，有何情形審核機關應令其改善、停
D2	batch9_a3	16	ENV-34	第23條	正確選項缺依據	適用第十四條有關流量計、連續紀錄設施及溫度量測器設置之規定	揮發性有機液體儲槽污染防制設備之流量計及連續自動監測設施，應適用何條規定？
D2	batch9_a3	20	ENV-34	第27條	正確選項缺依據	適用第十四條有關流量計、連續紀錄設施及溫度量測器設置之規定	揮發性有機液體裝載操作設施污染防制設備之流量計等連續自動監測設施，應適用何條規定
D2	batch9_a3	27	ENV-34	第36條	正確選項缺依據	適用第十四條有關流量計、連續紀錄設施及溫度量測器設置之規定	石化製程設備元件污染防制設備之流量計及連續自動監測設施，應適用何條規定？
D5	batch9_a4	3	ENV-37	第8條	題幹疑似洩答	異味污染物或有毒氣體	主管機關執行空污法第三十二條第一項第三款及第四款（異味污染物或有毒氣體）行為管制
D4	batch9_a4	16	ENV-41	第1條	選項b與d過於相似	0.97	噪音管制區劃定作業準則之授權訂定依據為何？
D4	batch9_a4	35	ENV-43	第1條	選項c與d過於相似	0.97	機動車輛噪音管制標準之授權訂定依據為何？
D4	batch9_b	29	ENV-51	第19條	選項a與d過於相似	0.98	地方主管機關核准廢（污）水每日最大量之原則為何？
D2	batch9_b1	11	ENV-50	第6條	正確選項缺依據	第6條業經刪除，現行標準已無該條之規定	飲用水水質標準第6條之現況為何？
D3	batch9_b2	22	ENV-51	第30條	選項c 中英數值不同	zh多:[12.0] en多:[7.0]	依九十四年十二月六日公告水污染防治法事業分類及定義，自九十六年七月一日起始納入本
D3	batch9_b2	22	ENV-51	第30條	選項d 中英數值不同	zh多:[12.0] en多:[7.0]	依九十四年十二月六日公告水污染防治法事業分類及定義，自九十六年七月一日起始納入本
D2	batch9_b3	19	ENV-54	第22條	正確選項缺依據	第22條業經刪除，現行辦法已無該條之規定	本辦法第22條之現況為何？
D2	batch9_b3	23	ENV-54	第28條	正確選項缺依據	第28條業經刪除，現行辦法已無該條之規定	本辦法第28條之現況為何？
D2	batch9_b3	26	ENV-54	第31條	正確選項缺依據	第31條業經刪除，現行辦法已無該條之規定	本辦法第31條之現況為何？
D3	batch9_b4	15	ENV-47	第21條	選項c 中英數值不同	zh多:[9.0] en多:[15.0]	下列何種水措計畫核准文件或許可證（文件）登記事項之變更，應於事實發生之翌日起三十
D4	batch9_b5	11	ENV-47	第41條	選項a與c過於相似	0.98	事業座落於第一級應特予保護農地水體排放總量管制區者，直轄市、縣（市）主管機關應如
D3	batch9_b6	16	ENV-47	第62條	選項a 中英數值不同	zh多:[10.0, 24.0] en多:[57.0]	本辦法之施行日期規定為何？一百十五年三月二十四日修正發布之條文如何施行？
D3	batch9_b6	16	ENV-47	第62條	選項b 中英數值不同	zh多:[24.0, 115.0] en多:[56.0]	本辦法之施行日期規定為何？一百十五年三月二十四日修正發布之條文如何施行？
D3	batch9_b6	16	ENV-47	第62條	選項d 中英數值不同	zh多:[7.0, 24.0] en多:[57.0]	本辦法之施行日期規定為何？一百十五年三月二十四日修正發布之條文如何施行？
D4	batch9_c	3	ENV-57	第30條	選項a與d過於相似	0.98	衛生掩埋作業之每日覆土及終止使用時覆蓋厚度規定為何？
D1	batch9_c	15	ENV-58	第16條	選項b 疑似也對	營業量或進口量申報表回收清除處理費繳費證明及扣抵證明文件應保	責任業者之營業量申報表、繳費證明及扣抵證明文件應保存幾年？
D1	batch9_c	15	ENV-58	第16條	選項c 疑似也對	營業量或進口量申報表回收清除處理費繳費證明及扣抵證明文件應保	責任業者之營業量申報表、繳費證明及扣抵證明文件應保存幾年？
D1	batch9_c	15	ENV-58	第16條	選項d 疑似也對	營業量或進口量申報表回收清除處理費繳費證明及扣抵證明文件應保	責任業者之營業量申報表、繳費證明及扣抵證明文件應保存幾年？
D3	batch9_c	24	ENV-60	第6條	選項a 中英數值不同	zh多:[45.0] en多:[5.0, 40.0]	本部受理再利用許可申請之形式審查及實質審查期限各為何？
D3	batch9_c	27	ENV-60	第14條	選項d 中英數值不同	zh多:[180.0] en多:[80.0]	再利用機構之再利用期程有何限制？無法於期限內完成時應如何辦理？
D3	batch9_c	30	ENV-60	第19條	選項d 中英數值不同	zh多:[180.0] en多:[80.0]	再利用機構有下列何種情形，主管機關得令其停止收受廢棄物進廠（場）並限期改善？
D1	batch9_c	37	ENV-61	第13條	選項b 疑似也對	年內不得以相同或類似機構名稱申請該項事業廢棄物之再利用機構其	再利用機構經審核機關廢止其事業廢棄物清理計畫書者，有何後續限制？
D1	batch9_c	37	ENV-61	第13條	選項c 疑似也對	年內不得以相同或類似機構名稱申請該項事業廢棄物之再利用機構其	再利用機構經審核機關廢止其事業廢棄物清理計畫書者，有何後續限制？
D1	batch9_c	53	ENV-97	第4條	選項b 疑似也對	非公營事業之公司實收資本額或財團法人登記財產總額在新臺幣	申請檢測機構許可證者，屬非公營事業之公司或財團法人時，應具備何種財力條件？
D1	batch9_c	53	ENV-97	第4條	選項c 疑似也對	非公營事業之公司實收資本額或財團法人登記財產總額在新臺幣	申請檢測機構許可證者，屬非公營事業之公司或財團法人時，應具備何種財力條件？
D3	batch9_c	58	ENV-97	第19條	選項c 中英數值不同	zh多:[180.0] en多:[80.0]	檢測機構之檢測人員變更或出缺時，應於多久內辦理變更登記或遞補？
D1	batch9_c	60	ENV-97	第16條之1	選項b 疑似也對	未經採樣或檢測即出具檢測報告或發生無正當理由修正檢測報告結果	依第16條之1，下列何種情形中央主管機關「應撤銷」其許可證涉及違規之檢測項目？
D5	batch9_c1	5	ENV-57	第6條之1	題幹疑似洩答	其分類貯存排出清除及處理	建築物拆除之石綿瓦廢棄物，其分類、貯存、排出、清除及處理應如何辦理？
D2	batch9_c1	9	ENV-57	第11條	正確選項缺依據	不洩漏污水、不發生腐敗臭味、可防止雨水滲入並可防止貓狗覓食	一般廢棄物之貯存容器置於戶外者，其設施應符合何項規定？
D2	batch9_c2	2	ENV-58	第5條	正確選項缺依據	得檢具廢止登記申請表等文件申請廢止登記；經廢止登記者免依本辦法辦理申報及繳費	責任業者停止製造、輸入責任物者得如何辦理？經廢止登記後有何效果？
D4	batch9_c2	8	ENV-58	第15條	選項a與b過於相似	0.97	責任業者提供之資料不實或未提供完整帳冊時，主管機關如何認定其營業量或進口量？
D4	batch9_c2	11	ENV-59	第1條	選項a與d過於相似	0.97	《事業委託清理之相當注意義務認定準則》之訂定法源依據為何？
D3	batch9_c2	20	ENV-60	第5條	選項d 中英數值不同	zh多:[24.0] en多:[4.0, 20.0]	通案再利用許可應由何者申請？其再利用計畫應包含多久期間之月統計資料？
D1	batch9_c2	26	ENV-60	第16條	選項b 疑似也對	年留供查核必要時主管機關得要求提報紀錄及相關憑證	依第13條至第15條作成之契約書或紀錄，應如何保存？
D1	batch9_c2	26	ENV-60	第16條	選項c 疑似也對	年留供查核必要時主管機關得要求提報紀錄及相關憑證	依第13條至第15條作成之契約書或紀錄，應如何保存？
D1	batch9_c2	26	ENV-60	第16條	選項d 疑似也對	年留供查核必要時主管機關得要求提報紀錄及相關憑證	依第13條至第15條作成之契約書或紀錄，應如何保存？
D2	batch9_c2	30	ENV-60	第23條	正確選項缺依據	應檢附中文譯本，一併送本部審查	再利用許可申請文件如為英文以外之其他外文者，應如何辦理？
D2	batch9_c4	2	ENV-95	第3條	正確選項缺依據	應記載當事人與代理人資料、請求事項、公害糾紛原因事實、供調查之證據及調處委員會名	調處申請書應記載之事項及委任代理人之要求為何？
D5	batch9_c5	14	ENV-97	第22條	題幹疑似洩答	檢測人員接受在職訓練	中央主管機關命檢測機構指派檢測人員接受在職訓練時，檢測機構有何義務？
D5	batch9_c5	18	ENV-97	第25條之1	題幹疑似洩答	績效優良之機構或個人得	中央主管機關對於執行環境檢驗測定績效優良之機構或個人，得如何處理？
D5	batch9_c5	19	ENV-97	第26條	題幹疑似洩答	檢測機構之輔導審查評鑑及查核事項	中央主管機關就檢測機構之輔導、審查、評鑑及查核事項，得如何辦理？
D3	batch9_c5	21	ENV-97	第30條	選項a 中英數值不同	zh多:[4.0] en多:[10.0, 24.0]	本辦法之施行日期規定為何？其中有無條文另定施行日？
D2	batch9_c6	0	ENV-57	第33條	正確選項缺依據	該條已刪除而無實質規定；灰渣採穩定化法處理後之衛生掩埋，現依第三十一條規定辦理	《一般廢棄物回收清除處理辦法》第33條之現行條文內容為何？
D2	batch9_c6	2	ENV-61	第15條	正確選項缺依據	該條已刪除而無實質規定；本辦法施行前已通過再利用登記檢核者之過渡，現依第十四條辦	《共通性事業廢棄物再利用管理辦法》第15條之現行條文內容為何？
D2	batch9_c6	6	ENV-97	第27條	正確選項缺依據	該條已刪除而無實質規定；輔導、審查、評鑑及查核之委託辦理，現依第二十六條規定辦理	《環境檢驗測定機構管理辦法》第27條之現行條文內容為何？
D2	batch9_c6	7	ENV-97	第29條	正確選項缺依據	該條已刪除而無實質規定；外文文件應檢附之驗證中譯本及英文例外，現依第二十八條辦理	《環境檢驗測定機構管理辦法》第29條之現行條文內容為何？
D3	batch9_c6	7	ENV-97	第29條	選項b 中英數值不同	zh多:[4.0] en多:[30.0]	《環境檢驗測定機構管理辦法》第29條之現行條文內容為何？
D3	batch9_d	5	ENV-64	第12條	選項a 中英數值不同	zh多:[2500000.0] en多:[2.5]	蓄水工程之興建，其堰壩高度、蓄水容量及蓄水範圍面積達多少應實施環境影響評估？
D2	batch9_d1	0	ENV-64	第1條	正確選項缺依據	環境影響評估法第五條第二項	開發行為應實施環境影響評估細目及範圍認定標準，係依何法何條授權訂定？
D1	batch9_d1	4	ENV-64	第8條	選項d 疑似也對	碼頭或防波堤申請開發或累積開發長度五	港灣之開發，商港、軍港、漁港或工業專用港之擴建及碼頭、防波堤新設延伸工程，達何規
D2	batch9_d10	14	ENV-76	第45條	正確選項缺依據	該條已刪除，現行法就該條不再定有任何處罰規定	環境用藥管理法第45條之現行狀態為何？
D2	batch9_d10	29	ENV-76	第60條	正確選項缺依據	自公布日施行	環境用藥管理法之施行日期規定為何？
D2	batch9_d2	22	ENV-64	第53條	正確選項缺依據	自發布日施行	開發行為應實施環境影響評估細目及範圍認定標準之施行日期規定為何？
D2	batch9_d3	0	ENV-65	第1條	正確選項缺依據	環境影響評估法第五條第二項	開發行為環境影響評估作業準則之訂定依據為何？
D2	batch9_d4	0	ENV-65	第29條	正確選項缺依據	該條已刪除，現行準則就該條不再定有任何規範內容	開發行為環境影響評估作業準則第29條之現行狀態為何？
D2	batch9_d4	1	ENV-66	第1條	正確選項缺依據	環境影響評估法第二十六條	政府政策環境影響評估作業辦法之訂定依據為何？
D2	batch9_d4	9	ENV-66	第9條	正確選項缺依據	自發布日施行	政府政策環境影響評估作業辦法之施行日期規定為何？
D3	batch9_d4	28	ENV-70	第19條	選項a 中英數值不同	zh多:[10.0] en多:[4.0, 12.0]	本辦法及其修正條文之施行日期規定為何？
D3	batch9_d4	28	ENV-70	第19條	選項b 中英數值不同	zh多:[10.0] en多:[4.0, 12.0]	本辦法及其修正條文之施行日期規定為何？
D3	batch9_d4	28	ENV-70	第19條	選項d 中英數值不同	zh多:[10.0] en多:[4.0, 12.0]	本辦法及其修正條文之施行日期規定為何？
D3	batch9_d5	17	ENV-71	第18條	選項a 中英數值不同	zh多:[7.0] en多:[11.0]	毒性及關注化學物質運送管理辦法之施行日期規定為何？
D3	batch9_d5	17	ENV-71	第18條	選項b 中英數值不同	zh多:[7.0] en多:[11.0]	毒性及關注化學物質運送管理辦法之施行日期規定為何？
D3	batch9_d6	11	ENV-72	第11條	選項d 中英數值不同	zh多:[45.0] en多:[5.0, 40.0]	直轄市、縣（市）主管機關受理許可證、登記文件及核可文件之審查期間為何？必要時得如
D2	batch9_d6	23	ENV-72	第23條	正確選項缺依據	自發布日施行	毒性及關注化學物質許可登記核可管理辦法之施行日期規定為何？
D5	batch9_d8	7	ENV-75	第8條	題幹疑似洩答	科學研發產品與製程研發	新化學物質屬科學研發、產品與製程研發用途或屬其他特殊形式者，登錄人另應提交何文件
D2	batch9_d8	10	ENV-75	第11條	正確選項缺依據	登錄碼	核准登錄之新化學物質，由中央主管機關發給何者？
D5	batch9_d8	15	ENV-75	第16條	題幹疑似洩答	既有化學物質標準登錄	中央主管機關就既有化學物質標準登錄之分期指定，其規定為何？
D2	batch9_d8	21	ENV-75	第22條	正確選項缺依據	應通知登錄人	依本法第69條第2項予以公開之資料，中央主管機關應如何辦理？
D2	batch9_d8	31	ENV-75	第32條	正確選項缺依據	自發布日施行	新化學物質及既有化學物質資料登錄辦法之施行日期規定為何？
D5	batch9_d9	10	ENV-76	第11條	題幹疑似洩答	免申領販賣業許可執照	環境用藥販賣業及病媒防治業應如何取得營業資格？何種情形免申領販賣業許可執照？
D3	batch9_e	15	ENV-83	第29條	選項b 中英數值不同	zh多:[24.0] en多:[4.0, 20.0]	貯存系統發生洩漏並致污染土壤或地下水體者，事業應於幾小時內通報？並應採取何措施？
D3	batch9_e	25	ENV-88	第12條	選項b 中英數值不同	zh多:[28.0] en多:[8.0, 20.0]	減量額度採定價交易者，其公開閱覽期間及交易期間之規定為何？
D3	batch9_e	27	ENV-88	第18條、第19條	選項a 中英數值不同	zh多:[28.0] en多:[8.0]	減量額度採拍賣者，其公開閱覽期間、最低申請數量、等標期及保證金比例各為何？
D3	batch9_e	30	ENV-88	第32條、第36條	選項b 中英數值不同	zh多:[24.0] en多:[4.0, 20.0]	受委託辦理交易平台之機關（構），其資安事件通報時限及紀錄保存年限為何？
D3	batch9_e	38	ENV-90	第2條	選項a 中英數值不同	zh多:[2.5] en多:[25000.0]	本辦法所稱事業新設排放源達一定規模，指哪些應實施環評且涉及增加溫室氣體排放之開發
D3	batch9_e	39	ENV-90	第2條	選項c 中英數值不同	zh多:[2.5] en多:[25000.0]	本辦法所稱事業變更排放源達一定規模，其認定標準為何？
D5	batch9_e1	5	ENV-81	第6條	題幹疑似洩答	得提出具體科學性數據	何者得提出具體科學性數據、資料，供中央主管機關作為地下水污染監測標準修正之參考？
D2	batch9_e1	8	ENV-83	第3條	正確選項缺依據	廢（污）水處理設施、石化製程、公共設施管線、設於公共使用土地之石油管線及廠區外工	下列何種設備及其附屬儲槽、輸送設備，非本辦法所稱之貯存系統？
D3	batch9_e1	23	ENV-83	第24條	選項d 中英數值不同	zh多:[32.0] en多:[30.0]	地上儲槽系統以地下水監測者，其地下水標準監測井口數依事業用地面積如何規定？
D5	batch9_e2	1	ENV-87	第2條	題幹疑似洩答	申請核定自主減量計畫	何種事業得依自主減量計畫管理辦法向中央主管機關申請核定自主減量計畫？
D2	batch9_e2	23	ENV-88	第16條	正確選項缺依據	應檢具專案名稱、額度數量編碼、交易價格、使用用途及經公證之合約書等申請同意；買方	減量額度採協議交易者，賣方應檢具之資料及價金繳納規定為何？
D2	batch9_e2	29	ENV-88	第25條	正確選項缺依據	專案名稱、額度數量、編碼及監測期間、專案之減量措施、買賣雙方事業名稱、成交數量及	中央主管機關得於交易平台公開交易及拍賣完成後之哪些資訊？
D5	batch9_e3	19	ENV-90	第7條	題幹疑似洩答	溫室氣體排放量增量抵換	事業申請溫室氣體排放量增量抵換，應檢具哪些文件？
D2	batch9_e3	22	ENV-90	第10條	正確選項缺依據	事業與開發行為名稱場所、開發內容及期程、環評書件所載排放內容、排放源與原料燃料用	溫室氣體排放量增量抵換執行報告應包括哪些內容？
D5	batch9_e4	14	ENV-91	第22條	題幹疑似洩答	產品碳足跡之審查及檢查事項	中央主管機關就產品碳足跡之審查及檢查事項，得如何辦理？
