key	value	說明 / Description
questions_per_game	20	每局題數 / questions per game
seconds_per_question	15	每題秒數 / seconds per question
base_score	500	答對基本分 / base score for a correct answer
speed_bonus_max	500	速度加分上限：base + max×(剩餘秒/總秒) / speed bonus = max × (remaining/total)
wrong_score	0	答錯或逾時得分 / score for wrong or timeout
streak_start	3	連對從第幾題起加成 / streak bonus starts at N consecutive correct
streak_bonus	50	連對每題加成 / bonus per question once streak active
daily_questions	10	每日挑戰題數 / daily challenge question count
lobby_wait_seconds	10	隨機配對等待秒數，逾時轉房間碼或 bot / matchmaking wait before fallback
languages	zh,en	支援語言 / supported languages
active_status	active	前端只抓此 status 的題目 / only questions with this status are exported