Q0340	OSH	OSH-34	缺氧症預防規則	第3條	民國103年6月26日	缺氧-定義	1	缺氧症預防規則所稱「缺氧」，指空氣中氧氣濃度未滿百分之多少之狀態？	百分之二十一	百分之十六	百分之十九．五	百分之十八	Under the Hypoxia Prevention Rules, 'oxygen deficiency' means an oxygen concentration below:	21%	16%	19.5%	18%	d	第3條第1款：缺氧指空氣中氧氣濃度未滿百分之十八之狀態；缺氧症指因作業場所缺氧引起之症狀。	Article 3(1): oxygen deficiency is an oxygen concentration below 18%; hypoxia refers to symptoms caused by it.	draft	3		
Q0341	OSH	OSH-34	缺氧症預防規則	第2條	民國103年6月26日	缺氧-適用	2	下列何者屬缺氧症預防規則第2條所定之缺氧危險場所？	每日開啟門窗通風之地上辦公室、會議室之內部	設有機械排氣且經常使用之地面倉庫、月台之外部	自然採光通風良好之工廠一樓組裝線、走廊之內部	長期間未使用之水井、坑井、豎坑、隧道、沈箱之內部	Which is an 'oxygen-deficiency hazardous place' under Article 2?	The interior of daily-ventilated ground-floor offices and meeting rooms	The exterior of regularly used ground-level warehouses and loading docks	The interior of naturally lit, well-ventilated factory assembly lines	The interior of long-unused wells, pits, shafts, tunnels or caissons	d	第2條列舉：長期未使用之水井坑井隧道沈箱內部、貫通特定地層之場所、地下敷設物之暗渠人孔、滯留雨水河水之槽暗渠、置放海水之熱交換器、密閉相當期間之鋼製鍋爐儲槽船艙、置放易吸氧物質之儲槽、乾性油油漆未乾之密閉空間、穀物儲存發酵倉庫、釀造設備、糞尿污水槽、乾冰冷凍庫、惰性氣體設備內部等。	Article 2 lists: long-unused wells/shafts/tunnels/caissons, places penetrating certain strata, utility manholes and culverts, tanks that held rainwater or seawater, long-sealed steel boilers/tanks/holds, storage of oxygen-absorbing materials, freshly oil-painted enclosed spaces, grain/fermentation storage, brewing vessels, sewage tanks, dry-ice refrigerators, inert-gas equipment interiors, etc.	draft	3		
Q0342	OSH	OSH-34	缺氧症預防規則	第2條	民國103年6月26日	缺氧-適用	3	密閉相當期間之鋼製鍋爐、儲槽、反應槽、船艙等內壁易於氧化之設備內部屬缺氧危險場所，但下列何種情形不在此限？	經勞動檢查機構派員檢查合格備查者	內壁為不銹鋼製品或實施防銹措施者	容量在五立方公尺以下且設有人孔者	設置於室外並每日開啟通風三十分鐘者	Long-sealed steel boilers, tanks or ship holds with easily oxidized inner walls are hazardous places, EXCEPT when:	It was inspected and approved by the labor inspection body	The inner wall is stainless steel or rust-proofed	The volume is below five cubic metres with a manhole fitted	It is outdoors and is ventilated 30 minutes each day	b	第2條第2項第6款：密閉相當期間之鋼製鍋爐、儲槽、反應槽、船艙等內壁易於氧化之設備之內部。但內壁為不銹鋼製品或實施防銹措施者，不在此限。	Article 2(2)(6): excepted when the inner wall is stainless steel or anti-rust treated.	draft	3		
Q0343	OSH	OSH-34	缺氧症預防規則	第4條	民國103年6月26日	缺氧-設施	1	雇主使勞工從事缺氧危險作業時，應置備何種儀器？	測定空氣中氧氣濃度之測定儀器	測定作業場所氣溫之溫度計	測定坑內風速之熱線風速計	測定工作面照度之照度計	For oxygen-deficiency hazardous work, the employer shall provide:	Instruments to measure oxygen concentration in the air	A thermometer for measuring workplace air temperature	A hot-wire anemometer for measuring airflow in the pit	A lux meter for measuring illumination at the work surface	a	第4條：應置備測定空氣中氧氣濃度之必要測定儀器，並採取隨時可確認空氣中氧氣濃度、硫化氫等其他有害氣體濃度之措施。	Article 4: necessary instruments to measure oxygen concentration, with measures to check oxygen and other harmful gases such as hydrogen sulfide at any time.	draft	3		
Q0344	OSH	OSH-34	缺氧症預防規則	第5條	民國103年6月26日	缺氧-設施	2	從事缺氧危險作業時應適當換氣，保持氧氣濃度在百分之十八以上；實施換氣時不得使用何種氣體？	壓縮空氣	純氧	室外空氣	過濾空氣	Ventilation must keep oxygen at 18% or above; which gas must NOT be used for ventilation?	Compressed air	Pure oxygen	Outdoor air	Filtered air	b	第5條：應予適當換氣以保持氧氣濃度在百分之十八以上（防止爆炸、氧化或作業顯著困難者除外）；實施換氣時不得使用純氧。第9條惰性氣體熔接作業亦同。	Article 5: ventilate to keep oxygen at 18% or more (except where explosion, oxidation or work difficulty prevents it); pure oxygen must not be used. Article 9 applies the same to inert-gas welding.	draft	3		
Q0345	OSH	OSH-34	缺氧症預防規則	第6條	民國103年6月26日	缺氧-設施	3	從事隧道或坑井之開鑿作業，為防止何種氣體突出導致缺氧症，應事前藉鑽探孔調查？	氬氣或一氧化氮	甲烷或二氧化碳	氮氣或二氧化硫	氦氣或二氧化氮	Before tunnel or shaft excavation, which gases must be surveyed by boreholes to prevent hypoxia from sudden outbursts?	Argon or nitrogen monoxide	Methane or carbon dioxide	Nitrogen or sulfur dioxide	Helium or nitrogen dioxide	b	第6條：為防止甲烷或二氧化碳之突出導致勞工罹患缺氧症，應於事前就作業場所及四周藉鑽探孔或其他適當方法調查，依調查結果決定處理方法、開鑿時期及程序。	Article 6: survey for methane or carbon dioxide by boreholes or other suitable methods and decide treatment, timing and procedure based on the results.	draft	3		
Q0346	OSH	OSH-34	缺氧症預防規則	第7條	民國103年6月26日	缺氧-設施	2	於地下室、機械房、船艙等通風不充分之室內置備以二氧化碳為滅火劑之滅火器時，應有何種措施？	由監視人員全程看守滅火器，並將鑰匙交由作業主管保管	預防勞工誤觸翻倒或確保把柄不易誤動之設施，並公告禁止不當操作	改設自動灑水設備取代滅火器，並每月實施一次加壓試驗	將滅火器全部移出室外存放，並於入口公告禁止攜入使用	For CO2 extinguishers in poorly ventilated basements, machine rooms or ship holds, the employer shall:	Have a watcher guard the extinguishers at all times, and give the key to the work supervisor	Prevent accidental tipping or handle actuation, and post a notice prohibiting improper operation	Replace the extinguishers with automatic sprinklers, and pressure-test the system every month	Move all extinguishers outdoors, and post a notice at the entrance prohibiting them inside	b	第7條：應有預防因勞工誤觸導致翻倒滅火器或確保把柄不易誤動之設施；禁止勞工不當操作，並將禁止規定公告於顯而易見之處所。	Article 7: facilities to prevent knocking over or accidental handle operation, prohibit improper operation, and post the prohibition conspicuously.	draft	3		
Q0347	OSH	OSH-34	缺氧症預防規則	第8條	民國103年6月26日	缺氧-設施	2	使勞工於冷藏室、冷凍室、地窖等密閉設施內部作業時，作業期間應採取何種措施？	關閉設施內之通風及照明電源	使出入口之門或蓋不致閉鎖	將出入口之門上鎖以防外人進入	於出入口外派員每小時巡視一次	When workers work inside cold rooms, freezers or cellars, during the work the employer shall:	Shut off the ventilation and lighting power inside	Keep the door or hatch from locking shut	Lock the door or hatch to keep outsiders out	Post someone outside to patrol once every hour	b	第8條：應採取該設施出入口之門或蓋等不致閉鎖之措施。但門或蓋有易自內部開啟之構造，或設施內部設有通報或警報裝置可與外部有效聯絡者，不在此限。	Article 8: prevent the entrance door or cover from locking, unless it opens easily from inside or the space has alarm/communication devices linked to the outside.	draft	3		
Q0348	OSH	OSH-34	缺氧症預防規則	第10條	民國103年6月26日	缺氧-設施	3	使勞工於設有輸送惰性氣體配管之鍋爐、儲槽等內部作業時，關閉閥、旋塞或設置盲板後，還應如何？	予以上鎖，並將其意旨公布於勞工易見之場所	保持閥門半開，並由監視人員每小時記錄一次開度	拆除該配管，並於作業結束後三日內回復原狀	以口頭告知在場勞工，並於作業日誌簽名備查	For work inside boilers or tanks with inert-gas piping, after closing valves or installing blind flanges the employer shall also:	Lock them and post the fact where workers can see it	Leave the valve half open and have a watcher log it hourly	Remove the piping and restore it within three days of the work	Tell the workers on site orally and sign the daily work log	a	第10條：應關閉輸送配管之閥、旋塞或設置盲板；於顯而易見處標示配管內惰性氣體名稱及開閉方向；關閉閥旋塞或設置盲板時應予上鎖，並將其意旨公布於勞工易見之場所。	Article 10: close valves or install blinds, label the gas name and open/close direction, lock the closure and post a notice visible to workers.	draft	3		
Q0349	OSH	OSH-34	缺氧症預防規則	第16條	民國103年6月26日	缺氧-管理	2	缺氧危險作業之氧氣及有害氣體濃度確認，應於何時實施？其紀錄保存幾年？	僅於作業結束後、每季定期檢查時實施；紀錄保存二年	每週一次、每次作業結束後及交接班前；紀錄保存一年	每月一次、更換作業主管時及設備檢修後；紀錄保存五年	當日作業開始前、所有勞工離開後再次開始前及有異常時；三年	When must oxygen and harmful-gas concentrations be checked for oxygen-deficiency work, and how long are records kept?	Only after work ends and at each quarterly inspection; records kept 2 years	Weekly, after each work session and before shift handover; records kept 1 year	Monthly, when the supervisor changes and after equipment repairs; records kept 5 years	Before daily work, before resuming after all workers leave, and on any abnormality; 3 years	d	第16條：於當日作業開始前、所有勞工離開作業場所後再次開始作業前及勞工身體或換氣裝置等有異常時，應確認氧氣、硫化氫等濃度；確認結果應予記錄並保存三年。	Article 16: check before daily start, before resuming after all workers have left, and when workers or ventilation show abnormalities; keep records 3 years.	draft	3		
Q0350	OSH	OSH-34	缺氧症預防規則	第18條	民國103年6月26日	缺氧-管理	2	缺氧危險場所入口應公告之注意事項，包括下列何者？	承攬工程契約金額	勞工每月薪資明細	缺氧作業主管姓名	事業單位資本總額	Which must be posted at the entrance of an oxygen-deficiency hazardous place?	The contract value of the subcontracted works	The monthly wage details of each worker on site	The name of the oxygen-deficiency work supervisor	The total paid-in capital of the business entity	c	第18條：應公告有罹患缺氧症之虞之事項、進入時應採取之措施、事故時之緊急措施及聯絡方式、呼吸防護具安全帶測定儀器換氣設備等之保管場所、缺氧作業主管姓名；並禁止非作業勞工擅入。	Article 18: risk of hypoxia, measures on entry, emergency measures and contacts, storage locations of respirators, harnesses, instruments and ventilation equipment, and the supervisor's name; unauthorized entry is prohibited.	draft	3		
Q0351	OSH	OSH-34	缺氧症預防規則	第20條	民國103年6月26日	缺氧-管理	2	雇主使勞工從事缺氧危險作業時，應於每一班次指定何人從事監督事項？	缺氧作業主管	職業安全衛生管理人員	地方主管機關檢查員	現場值班工地主任	For each shift of oxygen-deficiency work, the employer shall designate:	An oxygen-deficiency work supervisor	An occupational safety and health officer	A labor inspector from the local authority	A construction site director on duty	a	第20條：應於每一班次指定缺氧作業主管，決定作業方法並指揮、辦理濃度確認、當班作業前確認換氣裝置測定儀器呼吸防護具安全帶等狀況、監督防護器具使用等。	Article 20: an oxygen-deficiency work supervisor per shift to decide methods, direct work, check concentrations, inspect ventilation, instruments, respirators and harnesses, and supervise PPE use.	draft	3		
Q0352	OSH	OSH-34	缺氧症預防規則	第21條	民國103年6月26日	缺氧-管理	2	從事缺氧危險作業時，應指派幾人以上之監視人員隨時監視作業狀況？	一人以上	三人以上	二人以上	不需監視人員	How many watchers must be assigned to monitor oxygen-deficiency work continuously?	At least one	At least three	At least two	None required	a	第21條：應指派一人以上之監視人員，隨時監視作業狀況，發覺有異常時，應即與缺氧作業主管及有關人員聯繫，並採取緊急措施。	Article 21: at least one watcher who monitors continuously and, on abnormality, immediately contacts the supervisor and takes emergency measures.	draft	3		
Q0353	OSH	OSH-34	缺氧症預防規則	第23條	民國103年6月26日	缺氧-管理	2	發現從事缺氧危險作業之勞工有立即發生缺氧危險之虞時，雇主或工作場所負責人應如何？	維持作業並每十分鐘測定一次濃度，隨時觀察勞工狀況	先通知缺氧作業主管，經其到場確認後再決定是否停工	加派人手支援，並要求全部勞工加速完成剩餘工作	即令停止作業，並使全部勞工即刻退避至安全場所	When workers doing oxygen-deficiency work face imminent danger, the employer or workplace manager shall:	Continue the work, measure the concentration every ten minutes and observe	Notify the supervisor first and stop only after he confirms on site	Send extra help and have all workers finish the remaining work faster	Immediately stop the work and evacuate all workers to a safe place	d	第23條：應即令停止作業，並使從事該作業之全部勞工即刻退避至安全場所；未確認危險已解除前，不得使指定人員以外之勞工進入，並公告其意旨。	Article 23: stop work immediately and evacuate all workers; until the danger is confirmed cleared, only designated personnel may enter, with a notice posted.	draft	3		
Q0354	OSH	OSH-34	缺氧症預防規則	第25條	民國103年6月26日	缺氧-防護	2	從事缺氧危險作業未能依規定實施換氣時，應置備何種防護具並使勞工確實戴用？	附活性碳濾罐之防毒面具	空氣呼吸器等呼吸防護具	具高效率濾材之防塵口罩	拋棄式醫用外科口罩	When ventilation cannot be provided for oxygen-deficiency work, workers must wear:	Gas masks with activated-carbon canisters	Air-supplied respirators such as SCBA	Dust masks with high-efficiency filter media	Disposable medical surgical face masks	b	第25條：未能依第5條或第9條實施換氣時，應置備適當且數量足夠之空氣呼吸器等呼吸防護具，並使勞工確實戴用。第27條並應置備呼吸防護具、梯子、安全帶或救生索供緊急避難或救援使用。	Article 25: adequate numbers of air respirators (e.g., SCBA) must be provided and worn; Article 27 also requires respirators, ladders, harnesses or lifelines for evacuation and rescue.	draft	3		
Q0355	OSH	OSH-34	缺氧症預防規則	第28條	民國103年6月26日	缺氧-防護	2	缺氧危險作業場所置救援人員，於其擔任救援作業期間應提供並使其使用何種裝備？	空氣呼吸器等呼吸防護具	防噪音耳罩及防塵口罩	耐熱防護手套及護目鏡	鋼頭安全鞋及工程安全帽	Rescue personnel stationed at oxygen-deficiency worksites shall use what during rescue?	Air respirators such as SCBA	Noise earmuffs and dust masks	Heat-resistant gloves and goggles	Steel-toe safety boots and helmets	a	第28條：雇主應於缺氧危險作業場所置救援人員，於其擔任救援作業期間，應提供並使其使用空氣呼吸器等呼吸防護具。	Article 28: rescue personnel must be stationed and provided with air respirators to use during rescue operations.	draft	3		
Q0356	OSH	OSH-34	缺氧症預防規則	第30條	民國103年6月26日	缺氧-防護	3	雇主使勞工戴用輸氣管面罩之連續作業時間，每次不得超過多久？	二小時	一小時	四小時	三十分鐘	Continuous work while wearing an air-line mask shall not exceed how long per session?	2 hours	1 hour	4 hours	30 minutes	b	第30條：雇主使勞工戴用輸氣管面罩之連續作業時間，每次不得超過一小時。	Article 30: continuous work with an air-line (hose) mask shall not exceed one hour per session.	draft	3		
Q0357	OSH	OSH-34	缺氧症預防規則	第31條	民國103年6月26日	缺氧-健康	2	下列何者屬缺氧症之初期症狀，應即由醫師診治？	皮膚發紺變紫、體溫急速下降、無自主呼吸、無脈搏	瞳孔放大固定、全身癱軟無力、失禁、脈搏微弱消失	意識不明、痙攣抽搐、呼吸停止、心臟停止跳動	顏面蒼白或紅暈、脈搏及呼吸加快、呼吸困難、目眩或頭痛	Which are early symptoms of hypoxia requiring immediate medical treatment?	Purple cyanotic skin, plunging body temperature, no breathing and no pulse	Fixed dilated pupils, total limpness, incontinence and a faint pulse	Unconsciousness, convulsions, respiratory arrest and cardiac arrest	Pale or flushed face, rapid pulse and breathing, dyspnea, dizziness or headache	d	第31條：初期症狀為顏面蒼白或紅暈、脈搏及呼吸加快、呼吸困難、目眩或頭痛；末期症狀為意識不明、痙攣、呼吸停止或心臟停止跳動；另硫化氫、一氧化碳等中毒症狀亦應即由醫師診治。	Article 31: early symptoms are pale/flushed face, rapid pulse and breathing, breathing difficulty, dizziness or headache; late symptoms are unconsciousness, convulsions, respiratory or cardiac arrest; H2S or CO poisoning also requires treatment.	draft	3		
Q0358	OSH	OSH-34	缺氧症預防規則	第17條	民國103年6月26日	缺氧-管理	1	雇主使勞工從事缺氧危險作業時，對進出各該場所之勞工應如何處理？	予以確認或點名登記	由勞工自行簽名登記	僅記錄勞工離開之時間	僅由監視人員目視即可	For workers entering and leaving oxygen-deficiency hazardous places, the employer shall:	Confirm or register them by name	Let workers sign themselves in	Record only the time workers leave	Have the watcher check them visually only	a	第17條：對進出各該場所勞工，應予確認或點名登記。第24條並應依教育訓練規則施予必要之安全衛生教育訓練。	Article 17: confirm or register by roll call; Article 24 requires necessary safety training per the Training Rules.	draft	3		
Q0359	OSH	OSH-15	高架作業勞工保護措施標準	第3條	民國103年6月25日	高架-定義	2	依高架作業勞工保護措施標準，未設置平台、護欄而已採取必要安全措施之作業，其高度在幾公尺以上屬高架作業？已設置平台護欄者為幾公尺以上？	二公尺以上；五公尺以上	三公尺以上；十公尺以上	五公尺以上；二十公尺以上	一．五公尺以上；三公尺以上	Under the Work-at-Height Protection Standards, work without platforms or guardrails counts as 'work at height' from what height, and with platforms/guardrails from what height?	2 m; 5 m	3 m; 10 m	5 m; 20 m	1.5 m; 3 m	a	第3條：未設置平台、護欄等設備而已採取必要安全措施，其高度在二公尺以上者；已依規定設置平台、護欄等並採防墜措施，其高度在五公尺以上者，均屬高架作業。	Article 3: 2 m or higher without platforms or guardrails (with other safety measures), and 5 m or higher where platforms and guardrails with fall protection are installed.	draft	3		
Q0360	OSH	OSH-15	高架作業勞工保護措施標準	第3條	民國103年6月25日	高架-定義	3	露天作業場所之高架作業高度，應自勞工站立位置半徑多少公尺範圍內最低點之地面或水面起算？	五公尺	三公尺	二公尺	一公尺	For outdoor work, the height of work at height is measured from the lowest ground or water point within what radius of the worker's position?	5 m	3 m	2 m	1 m	b	第3條第2項：露天作業場所，自勞工站立位置半徑三公尺範圍內最低點之地面或水面起至勞工立足點平面間之垂直距離；室內或儲槽等場所，自勞工站立位置與地板間之垂直距離。	Article 3(2): outdoors, the vertical distance from the lowest ground or water point within a 3 m radius to the worker's standing surface; indoors or in tanks, from the standing position to the floor.	draft	3		
Q0361	OSH	OSH-15	高架作業勞工保護措施標準	第4條	民國103年6月25日	高架-休息	3	高架作業每連續作業二小時，高度在二公尺以上未滿五公尺者至少應給予幾分鐘休息？二十公尺以上者至少幾分鐘？	二十分鐘；三十五分鐘	十五分鐘；四十五分鐘	三十分鐘；六十分鐘	十分鐘；二十分鐘	For every two hours of continuous work at height, the minimum rest at 2 to under 5 m, and at 20 m or more, is:	20 minutes; 35 minutes	15 minutes; 45 minutes	30 minutes; 60 minutes	10 minutes; 20 minutes	a	第4條：每連續作業二小時，高度二公尺以上未滿五公尺者至少二十分鐘休息；五公尺以上未滿二十公尺者至少二十五分鐘；二十公尺以上者至少三十五分鐘。	Article 4: 2 to under 5 m: at least 20 min; 5 to under 20 m: at least 25 min; 20 m or more: at least 35 min, per two hours of continuous work.	draft	3		
Q0362	OSH	OSH-15	高架作業勞工保護措施標準	第4條	民國103年6月25日	高架-休息	2	高度在五公尺以上未滿二十公尺之高架作業，每連續作業二小時至少應給予幾分鐘休息？	二十五分鐘	二十分鐘	三十五分鐘	三十分鐘	For work at heights of 5 m to under 20 m, the minimum rest per two hours of continuous work is:	25 minutes	20 minutes	35 minutes	30 minutes	a	第4條第2款：高度在五公尺以上未滿二十公尺者，至少有二十五分鐘休息。第5條：搶修或特殊作業需要，經採取減少工作時間或其他保護措施者得調整。	Article 4(2): at least 25 minutes; Article 5 allows adjustment for emergency repairs or special work with reduced hours or other protective measures.	draft	3		
Q0363	OSH	OSH-15	高架作業勞工保護措施標準	第8條	民國103年6月25日	高架-禁止	2	勞工有下列何種情事時，雇主不得使其從事高架作業？	身高未達一百七十公分者	酒醉或有酒醉之虞者	年滿五十五歲之高齡者	配戴矯正視力眼鏡者	Which worker must NOT be assigned to work at height?	One who is shorter than 170 cm	One who is drunk or likely drunk	One who is aged fifty-five or older	One who wears corrective glasses	b	第8條：酒醉或有酒醉之虞者；身體虛弱經醫師診斷身體狀況不良者；情緒不穩定有安全顧慮者；勞工自覺不適從事工作者；其他經主管人員認定者，雇主不得使其從事高架作業。	Article 8: drunk or likely drunk; physically weak per a physician; emotionally unstable with safety concerns; feeling unfit; or otherwise determined by a supervisor.	draft	3		
Q0364	OSH	OSH-15	高架作業勞工保護措施標準	第7條	民國103年6月25日	高架-健康	1	雇主僱用勞工從事高架作業時，應依何種規定實施勞工健康檢查及管理？	勞工作業環境監測實施辦法	職業安全衛生設施規則	勞工健康保護規則	營造安全衛生設施標準	Health examinations and management for workers at height shall follow:	The Workplace Monitoring Regulations	The Occupational Safety Facilities Rules	The Labor Health Protection Rules	The Construction Safety Standards	c	第7條：雇主僱用勞工從事高架作業時，應依勞工健康保護規則之規定，實施勞工健康檢查及管理。第6條：應使勞工於安全設施良好之地面或平台等處所休息。	Article 7: per the Labor Health Protection Rules; Article 6: rest must be taken on safe ground or platforms.	draft	3		
Q0365	OSH	OSH-14	高溫作業勞工作息時間標準	第2條	民國103年7月1日	高溫-適用	2	下列何者屬高溫作業勞工作息時間標準所定之高溫作業？	於地下停車場之作業	於資料機房從事之作業	於鍋爐房從事之作業	於冷凍庫從事之作業	Which is a 'high-temperature operation' under the Standards?	Work in an underground car park	Work in a computer server room	Work in a boiler room	Work in a freezer room	c	第2條：於鍋爐房從事之作業、灼熱金屬壓軋鍛造、鑄造間處理熔融金屬、金屬加熱熔煉、處理搪瓷玻璃電石及熔爐高溫熔料、蒸汽火車輪船機房、蒸汽操作燒窯等，且時量平均綜合溫度熱指數達連續作業規定值以上者；已自動化無熱暴露之虞者除外。	Article 2: boiler rooms, rolling/forging hot metal, handling molten metal in foundries, metal heating/smelting, enamel/glass/carbide/furnace work, steam locomotive and ship engine rooms, steam operation and kiln firing, where the WBGT reaches the continuous-work threshold; automated operations without heat exposure are excluded.	draft	3		
Q0366	OSH	OSH-14	高溫作業勞工作息時間標準	第3條	民國103年7月1日	高溫-熱指數	3	戶外有日曬情形之綜合溫度熱指數（WBGT）計算公式為何？	0.6×自然濕球溫度＋0.3×黑球溫度＋0.1×乾球溫度	0.7×自然濕球溫度＋0.2×黑球溫度＋0.1×乾球溫度	0.7×自然濕球溫度＋0.1×黑球溫度＋0.2×乾球溫度	0.5×自然濕球溫度＋0.4×黑球溫度＋0.1×乾球溫度	The WBGT formula for outdoor work with solar load is:	0.6 × natural wet-bulb + 0.3 × globe + 0.1 × dry-bulb	0.7 × natural wet-bulb + 0.2 × globe + 0.1 × dry-bulb	0.7 × natural wet-bulb + 0.1 × globe + 0.2 × dry-bulb	0.5 × natural wet-bulb + 0.4 × globe + 0.1 × dry-bulb	b	第3條：戶外有日曬者 WBGT＝0.7×自然濕球溫度＋0.2×黑球溫度＋0.1×乾球溫度；戶內或戶外無日曬者 WBGT＝0.7×自然濕球溫度＋0.3×黑球溫度。	Article 3: outdoors with sun: 0.7 NWB + 0.2 GT + 0.1 DB; indoors or without sun: 0.7 NWB + 0.3 GT.	draft	3		
Q0367	OSH	OSH-14	高溫作業勞工作息時間標準	第3條	民國103年7月1日	高溫-熱指數	3	戶內或戶外無日曬情形之綜合溫度熱指數計算公式為何？	0.7×自然濕球溫度＋0.3×黑球溫度	0.5×自然濕球溫度＋0.5×黑球溫度	0.3×自然濕球溫度＋0.7×黑球溫度	0.7×自然濕球溫度＋0.2×黑球溫度＋0.1×乾球溫度	The WBGT formula for indoor work or outdoors without solar load is:	0.7 × natural wet-bulb + 0.3 × globe	0.5 × natural wet-bulb + 0.5 × globe	0.3 × natural wet-bulb + 0.7 × globe	0.7 × natural wet-bulb + 0.2 × globe + 0.1 × dry-bulb	a	第3條第2款：戶內或戶外無日曬情形者，綜合溫度熱指數＝0.7×（自然濕球溫度）＋0.3×（黑球溫度）。	Article 3(2): WBGT = 0.7 × natural wet-bulb temperature + 0.3 × globe temperature.	draft	3		
Q0368	OSH	OSH-14	高溫作業勞工作息時間標準	第4條	民國103年7月1日	高溫-定義	2	高溫作業標準所稱「重工作」，指下列何者？	以電腦鍵盤輸入之文書工作	鏟、掘、推等全身運動之工作	僅以坐姿或立姿進行手臂部動作以操縱機器	於走動中提舉或推動一般重量物體	Under the Standards, 'heavy work' means:	Clerical work typing at a computer keyboard	Whole-body work such as shoveling, digging or pushing	Operating machines with arm movements while seated or standing	Lifting or pushing ordinary loads while walking	b	第4條：輕工作指僅以坐姿或立姿進行手臂部動作以操縱機器者；中度工作指於走動中提舉或推動一般重量物體者；重工作指鏟、掘、推等全身運動之工作者。	Article 4: light work = arm movements operating machines while seated or standing; moderate = lifting or pushing ordinary loads while walking; heavy = whole-body work such as shoveling, digging or pushing.	draft	3		
Q0369	OSH	OSH-14	高溫作業勞工作息時間標準	第5條	民國103年7月1日	高溫-作息	3	依高溫作業作息時間表，輕工作之時量平均綜合溫度熱指數達攝氏多少度時，須採每小時百分之五十休息、百分之五十作業？	31.4	33.0	32.2	30.6	Per the work/rest table, at what time-weighted WBGT (°C) must light work follow 50% rest / 50% work per hour?	31.4	33.0	32.2	30.6	c	第5條表：輕工作 30.6（連續作業）、31.4（25%休息）、32.2（50%休息）、33.0（75%休息）；中度工作 28.0、29.4、31.1、32.6；重工作 25.9、27.9、30.0、32.1。	Article 5 table: light work 30.6 (continuous), 31.4 (25% rest), 32.2 (50% rest), 33.0 (75% rest); moderate 28.0/29.4/31.1/32.6; heavy 25.9/27.9/30.0/32.1.	draft	3		
Q0370	OSH	OSH-14	高溫作業勞工作息時間標準	第5條	民國103年7月1日	高溫-作息	3	重工作之時量平均綜合溫度熱指數達攝氏 25.9 度時，其每小時作息比例為何？	25%休息、75%作業	50%休息、50%作業	75%休息、25%作業	連續作業	For heavy work at a time-weighted WBGT of 25.9°C, the hourly work/rest ratio is:	25% rest / 75% work	50% rest / 50% work	75% rest / 25% work	Continuous work	d	第5條表：重工作 25.9 為連續作業之上限值；27.9 為 25% 休息；30.0 為 50% 休息；32.1 為 75% 休息。	Article 5 table: heavy work 25.9 = continuous work limit; 27.9 = 25% rest; 30.0 = 50% rest; 32.1 = 75% rest.	draft	3		
Q0371	OSH	OSH-14	高溫作業勞工作息時間標準	第5條	民國103年7月1日	高溫-作息	3	高溫作業勞工連續暴露達一小時以上者，以每小時計算時量平均綜合溫度熱指數；間歇暴露者以多久計算？	四小時	三十分鐘	二小時	八小時	For continuous exposure of one hour or more the WBGT is time-weighted hourly; for intermittent exposure it is averaged over:	4 hours	30 minutes	2 hours	8 hours	c	第5條：連續暴露達一小時以上者以每小時計算；間歇暴露者以二小時計算其暴露時量平均綜合溫度熱指數，並依表分配作業及休息時間。	Article 5: hourly for continuous exposure of one hour or more; over two hours for intermittent exposure, then allocate work and rest per the table.	draft	3		
Q0372	OSH	OSH-14	高溫作業勞工作息時間標準	第6條	民國103年7月1日	高溫-防護	2	勞工於操作中須接近黑球溫度攝氏幾度以上之高溫灼熱物體時，雇主應供給身體熱防護設備？	五十度	六十度	四十度	八十度	Body heat-protective equipment is required when workers must approach hot objects with a globe temperature of at least:	50°C	60°C	40°C	80°C	a	第6條：勞工於操作中須接近黑球溫度五十度以上高溫灼熱物體者，雇主應供給身體熱防護設備並使勞工確實使用；黑球溫度之測定位置為勞工工作時之位置。	Article 6: at 50°C globe temperature or above, measured at the worker's position, the employer shall provide and enforce use of body heat protection.	draft	3		
Q0373	OSH	OSH-14	高溫作業勞工作息時間標準	第6-1條	民國103年7月1日	高溫-管理	2	對於首次從事高溫作業之勞工，雇主應規劃何事？	額外之高溫作業津貼	加倍之連續工作時數	適當之熱適應期間	強制之每日體能訓練	For workers newly assigned to high-temperature work, the employer shall plan:	An extra allowance for high-temperature work	A doubled block of continuous working hours	An appropriate heat acclimatization period	A compulsory daily physical training session	c	第6條之1：雇主對於首次從事高溫作業之勞工，應規劃適當之熱適應期間，並採取必要措施，以增加其生理機能調適能力。	Article 6-1: plan an appropriate acclimatization period and take measures to build physiological adaptation.	draft	3		
Q0374	OSH	OSH-14	高溫作業勞工作息時間標準	第7條	民國103年7月1日	高溫-工資	2	實施高溫作業作息時間標準後降低工作時間之勞工，其原有工資應如何？	由雇主決定	不得減少	按比例減少	減半	When working hours are reduced under the Standards, the worker's original wages:	Are at the employer's discretion	Must not be reduced	Are reduced proportionally	Are halved	b	第7條：實施本標準後降低工作時間之勞工，其原有工資不得減少。第8條：雇主原訂工作條件優於本標準者從其規定。	Article 7: original wages must not be reduced; Article 8: better employer terms prevail.	draft	3		
Q0375	OSH	OSH-14	高溫作業勞工作息時間標準	第9條	民國103年7月1日	高溫-管理	1	雇主使勞工從事高溫作業時，應充分供應何物？	飲用水及食鹽	含糖咖啡及濃茶	啤酒及含酒精飲料	冰品及甜點蛋糕	For high-temperature work the employer shall provide plenty of:	Drinking water and salt	Sugared coffee and strong tea	Beer and alcoholic drinks	Ice cream and sweet cakes	a	第9條：雇主使勞工從事高溫作業時，應充分供應飲用水及食鹽，並採取指導勞工避免高溫作業危害之必要措施。	Article 9: sufficient drinking water and salt, plus guidance to avoid heat hazards.	draft	3		
Q0376	OSH	OSH-18	異常氣壓危害預防標準	第2條	民國103年6月25日	異常氣壓-定義	2	異常氣壓危害預防標準所稱「潛水作業」，指於水深超過多少公尺之水中實施之作業？	十公尺	二十公尺	五公尺	三十公尺	Under the Abnormal Pressure Hazard Prevention Standards, 'diving work' means work in water deeper than:	10 m	20 m	5 m	30 m	a	第2條：高壓室內作業指沈箱、壓氣潛盾等壓氣施工法中於表壓力超過大氣壓之作業室或豎管內部實施之作業；潛水作業指使用水肺或水面供氣設備等，於水深超過十公尺之水中實施之作業。	Article 2: hyperbaric chamber work is work in caissons or compressed-air shields above atmospheric pressure; diving work uses scuba or surface-supplied air at depths exceeding 10 m.	draft	3		
Q0377	OSH	OSH-18	異常氣壓危害預防標準	第3條	民國103年6月25日	異常氣壓-定義	3	「耐氧試驗」係指對從事異常氣壓作業勞工在高壓艙以每平方公分多少公斤之壓力，使其呼吸純氧多久之試驗？	三公斤（一百呎）；六十分鐘	一點八公斤（六十呎）；三十分鐘	零點五公斤（十五呎）；十五分鐘	一公斤（三十呎）；十分鐘	The 'oxygen tolerance test' exposes the worker in a chamber to what pressure breathing pure oxygen for how long?	3 kg/cm² (100 ft); 60 minutes	1.8 kg/cm² (60 ft); 30 minutes	0.5 kg/cm² (15 ft); 15 minutes	1 kg/cm² (30 ft); 10 minutes	b	第3條第2款：耐氧試驗指在高壓艙以每平方公分一點八公斤（六十呎）之壓力，使其呼吸純氧三十分鐘之試驗；氣閘室指對高壓室內作業勞工實施加減壓之處所。	Article 3(2): 1.8 kg/cm² (60 ft) breathing pure oxygen for 30 minutes; an air lock is where workers are compressed and decompressed.	draft	3		
Q0378	OSH	OSH-18	異常氣壓危害預防標準	第5條	民國103年6月25日	異常氣壓-設備	3	高壓室內作業，作業室內每一勞工占有之氣積應在多少立方公尺以上？氣閘室內每一勞工占有之氣積應在多少立方公尺以上？	四立方公尺；零點六立方公尺	六立方公尺；二立方公尺	二立方公尺；零點三立方公尺	十立方公尺；一立方公尺	In hyperbaric work, the minimum air volume per worker in the working chamber and in the air lock is:	4 m³; 0.6 m³	6 m³; 2 m³	2 m³; 0.3 m³	10 m³; 1 m³	a	第5條：作業室每一勞工占有之氣積應在四立方公尺以上。第6條：氣閘室每一勞工占有之氣積應在零點六立方公尺以上，底面積應在零點三平方公尺以上。	Article 5: at least 4 m³ per worker in the working chamber; Article 6: at least 0.6 m³ per worker and 0.3 m² floor area in the air lock.	draft	3		
Q0379	OSH	OSH-18	異常氣壓危害預防標準	第9條	民國103年6月25日	異常氣壓-設備	3	氣閘室內供勞工減壓用之排氣管，其內徑應在多少公厘以下？	二十五公厘	七十五公厘	五十三公厘	一百公厘	The exhaust pipe used for decompressing workers in the air lock shall have an inside diameter no greater than:	25 mm	75 mm	53 mm	100 mm	c	第9條：作業室或氣閘室應設置專用之排氣管；氣閘室內供勞工減壓用之排氣管，其內徑在五十三公厘以下。第7條：輸氣管不得通過豎管，接近作業室處應設逆止閥。	Article 9: dedicated exhaust pipes; the air-lock decompression exhaust pipe inside diameter must be 53 mm or less; Article 7: air supply lines must not pass through the shaft and need a check valve near the chamber.	draft	3		
Q0380	OSH	OSH-18	異常氣壓危害預防標準	第10條	民國103年6月25日	異常氣壓-設備	3	高壓室內作業所用壓力表之刻度盤，應使用單位刻度在每平方公分多少公斤以下者？	一公斤	零點一公斤	零點二公斤	零點五公斤	Pressure gauges for hyperbaric work shall have a scale graduation no larger than:	1 kg/cm²	0.1 kg/cm²	0.2 kg/cm²	0.5 kg/cm²	c	第10條第2項：壓力表之刻度盤，應使用單位刻度在每平方公分零點二公斤以下者。操作場所設於外部時應設壓力表，設於內部時操作勞工應攜帶攜帶式壓力表。	Article 10(2): graduations of 0.2 kg/cm² or finer; gauges are required at external valve-operating positions, and operators inside carry portable gauges.	draft	3		
Q0381	OSH	OSH-18	異常氣壓危害預防標準	第13條	民國103年6月25日	異常氣壓-設備	2	雇主使勞工從事高壓室內作業時，應置備何種用具？	呼吸用防護具、繩索、緊急照明裝置及緊急避難或救出之必要用具	安全帽、反光背心、備用電池及水中作業用之救生衣具	防塵口罩、擴音喇叭、緊急照明裝置及作業室內用之滅火器材	手套、雨衣、可攜式空氣清淨裝置及室內用之暖氣設備	For hyperbaric chamber work the employer shall provide:	Respirators, ropes, emergency lighting and equipment for rapid evacuation or rescue	Helmets, reflective vests, spare batteries and life jackets for underwater work	Dust masks, loudspeakers, emergency lighting and fire extinguishers for the chamber	Gloves, raincoats, portable air cleaners and space heaters for the working chamber	a	第13條：應置備呼吸用防護具、繩索、緊急照明裝置及發生緊急狀況時可使勞工迅即避難或救出之必要用具。第12條：氣閘室外應設觀察孔或可掌握室內狀況之設施。	Article 13: respiratory protection, ropes, emergency lighting and equipment for rapid evacuation or rescue; Article 12: an observation port or means to monitor inside the air lock.	draft	3		
Q0382	OSH	OSH-18	異常氣壓危害預防標準	第14條	民國103年6月25日	異常氣壓-潛水設備	3	潛水作業使用水面供氣時，備用氣槽內空氣壓力應經常維持在最深潛水深度時壓力之幾倍以上？	二點五倍	一點五倍	三點零倍	一點二倍	For surface-supplied diving, the emergency reserve air tank pressure shall be kept at least how many times the pressure at the deepest diving depth?	2.5	1.5	3.0	1.2	b	第14條：應對每一潛水勞工設置調節用氣槽及緊急備用氣槽；備用氣槽內空氣壓力應經常維持在最深潛水深度時壓力之一點五倍以上，內容積應大於 V=(0.03D+4)×60/P。	Article 14: a regulating tank and an emergency reserve tank per diver; reserve tank pressure at least 1.5× the pressure at maximum depth, with volume greater than V = (0.03D + 4) × 60 / P.	draft	3		
Q0383	OSH	OSH-18	異常氣壓危害預防標準	第15-1條	民國103年6月25日	異常氣壓-潛水設備	3	潛水作業深度超過多少公尺且超過免減壓潛水時間限制者，應於現場設置減壓艙？	三十點五公尺（一百呎）	四十五點七公尺（一百五十呎）	二十四點四公尺（八十呎）	十二點二公尺（四十呎）	A decompression chamber must be on site when diving exceeds what depth and the no-decompression time limits?	30.5 m (100 ft)	45.7 m (150 ft)	24.4 m (80 ft)	12.2 m (40 ft)	a	第15條之1：潛水作業深度超過三十點五公尺（一百呎），且超過附表所定免減壓潛水時間限制者，應於現場設置減壓艙。	Article 15-1: deeper than 30.5 m (100 ft) and beyond the no-decompression limits in the tables.	draft	3		
Q0384	OSH	OSH-18	異常氣壓危害預防標準	第16條	民國103年6月25日	異常氣壓-管理	2	高壓室內作業，應於每一高壓室內置何種人員？	高壓室內作業主管	施工架組配作業主管	缺氧作業主管	潛水作業主管	Each hyperbaric working chamber must have:	A hyperbaric chamber work supervisor	A scaffold assembly supervisor	An oxygen-deficiency supervisor	A diving supervisor	a	第16條：應於每一高壓室內置高壓室內作業主管，負責勞工配置及指揮、檢點氣體濃度測定儀器、清點進出勞工、與閥操作勞工連繫維持壓力及加減壓速率、健康異常時採緊急措施。	Article 16: a hyperbaric chamber work supervisor to assign and direct workers, check gas instruments, count workers, coordinate pressure and compression/decompression rates, and respond to health emergencies.	draft	3		
Q0385	OSH	OSH-18	異常氣壓危害預防標準	第18條	民國103年6月25日	異常氣壓-管理	3	在氣閘室對高壓室內作業實施加壓時，其加壓速率每分鐘應維持在每平方公分多少公斤以下？	零點三公斤	零點五公斤	零點八公斤	一公斤	When compressing workers in the air lock, the rate shall not exceed per minute:	0.3 kg/cm²	0.5 kg/cm²	0.8 kg/cm²	1 kg/cm²	c	第18條：加壓速率每分鐘應維持在每平方公分零點八公斤以下。第25條：減壓速率亦為每分鐘零點八公斤以下，並依附表於各減壓階停止。	Article 18: compression rate 0.8 kg/cm² per minute or less; Article 25: decompression also 0.8 kg/cm²/min with stops per the tables.	draft	3		
Q0386	OSH	OSH-18	異常氣壓危害預防標準	第20條	民國103年6月25日	異常氣壓-管理	3	勞工當日從事二次以上高壓室內作業時，為減少體內氮氣殘留，前次減壓終了起應給與之時間稱為何？在此時間內不得從事何種作業？	工後休息時間；閥類操作作業	加壓間隔時間；輕度搬運作業	終工壓減時間；輕度文書作業	中間壓減時間；重體力作業	For a second hyperbaric session on the same day, the interval after the previous decompression is called what, and what work is prohibited during it?	Post-shift rest interval; valve operation work	Compression interval time; light manual handling work	End-of-work decompression interval; light clerical work	Intermediate decompression interval; heavy physical work	d	第20條：當日二次以上作業，於前次減壓終了時起算連續給與「中間壓減時間」，且在此時間內不得使其從事重體力作業。第21條：當日終了後之時間稱「終工壓減時間」，同樣不得從事重體力作業。	Article 20: the 'intermediate decompression interval' during which heavy physical work is prohibited; Article 21: the 'end-of-work decompression interval' after the last session, also without heavy work.	draft	3		
Q0387	OSH	OSH-18	異常氣壓危害預防標準	第23條	民國103年6月25日	異常氣壓-管理	3	為防止二氧化碳危害高壓室內作業勞工，應抑制二氧化碳之分壓，使其不超過相當一大氣壓下之濃度多少 ppm？	一千 ppm	三千 ppm	一萬 ppm	五千 ppm	In hyperbaric chambers, CO2 partial pressure shall be kept below the equivalent of what concentration at one atmosphere?	1,000 ppm	3,000 ppm	10,000 ppm	5,000 ppm	d	第23條：應在作業室及氣閘室採取換氣及其他措施，抑制二氧化碳之分壓，使其不超過相當一大氣壓下之濃度為五千 ppm；換算公式 C=P1×1,000,000/P。	Article 23: not exceeding 5,000 ppm equivalent at 1 atm, via ventilation and other measures; C = P1 × 1,000,000 / P.	draft	3		
Q0388	OSH	OSH-18	異常氣壓危害預防標準	第27條	民國103年6月25日	異常氣壓-管理	3	氣閘室實施減壓時，氣閘室底面之照明應在多少米燭光以上？溫度在攝氏幾度以下時應供給毛毯？	五十米燭光；十五度	二十米燭光；十度	一百米燭光；五度	十米燭光；二十度	During decompression in the air lock, the floor illumination shall be at least, and blankets are provided when the temperature is at or below:	50 lux; 15°C	20 lux; 10°C	100 lux; 5°C	10 lux; 20°C	b	第27條：氣閘室底面之照明應在二十米燭光以上；氣閘室溫度在攝氏十度以下時應供給毛毯或其他保暖用具；減壓時間在一小時以上者應供給椅子等休憩用具；事前將當次減壓時間告知勞工。	Article 27: at least 20 lux; blankets at 10°C or below; seats when decompression exceeds one hour; workers told the decompression time beforehand.	draft	3		
Q0389	OSH	OSH-18	異常氣壓危害預防標準	第28條	民國103年6月25日	異常氣壓-紀錄	3	高壓室內作業之氣閘室壓力自動記錄表紀錄（併同勞工姓名、減壓日期及時間），應保存幾年？	十年	三年	二十年	十五年	Automatic pressure recorder logs of each worker's decompression in the air lock shall be kept for:	10 years	3 years	20 years	15 years	d	第28條：應在氣閘室內設置壓力自動記錄表，將每一勞工受減壓之狀況併同姓名、減壓日期及時間每日作成紀錄，並保存十五年。第30條檢點紀錄保存三年。	Article 28: daily records with worker name, date and time, kept 15 years; Article 30 inspection records are kept 3 years.	draft	3		
Q0390	OSH	OSH-18	異常氣壓危害預防標準	第30條	民國103年6月25日	異常氣壓-檢點	3	高壓室內作業之輸氣管、排氣管及通話設備應多久檢點一次？自動警報裝置與輸氣用空氣壓縮機應多久檢點一次？	每日；每月	每週；每月	每日；每週	每月；每季	For hyperbaric work, air supply/exhaust pipes and communication equipment are inspected how often, and the automatic alarm and air compressor how often?	Daily; monthly	Weekly; monthly	Daily; weekly	Monthly; quarterly	c	第30條：每日檢點輸氣管、排氣管、通話設備、輸排氣調節閥旋塞、空壓機附屬冷卻裝置、緊急用具；每週檢點自動警報裝置、輸氣用空氣壓縮機；每月檢點壓力表、空氣清淨裝置、電路。紀錄保存三年。	Article 30: daily for supply/exhaust pipes, communication, valves, compressor cooling and emergency tools; weekly for the automatic alarm and compressor; monthly for gauges, air cleaners and circuits; records kept 3 years.	draft	3		
Q0391	OSH	OSH-18	異常氣壓危害預防標準	第34條	民國103年6月25日	異常氣壓-防火	2	實施高壓室內作業前，就沈箱、壓氣潛盾等應有之防火設備及措施，下列何者正確？	嚴禁煙火，但得攜帶打火機備用，作業室內從事熔接作業時應設置滅火器	作業室內得使用明火暖氣設備，僅需於施工前告知勞工著燃危險性	得使用一般電燈泡照明，並得在作業室內從事熔斷及電弧作業	嚴禁煙火，禁止攜帶火柴打火機進入，不得在作業室內從事熔接熔斷或電弧作業	Regarding fire prevention in caissons or compressed-air shields, which is correct?	No fire, but lighters may be carried; extinguishers are required when welding inside the chamber	Open-flame heaters are permitted inside once workers are told of the combustion risk under pressure	Ordinary light bulbs may be used for lighting, and cutting or arc work is allowed in the chamber	No fire; no matches or lighters brought in; no welding, cutting or arc work inside the chamber	d	第34條：應將高壓下可著燃物質之燃燒危險性告知勞工；使用置有護罩之安全電燈；使用不發生火花或電弧之電路開關；不因高溫引火之暖氣設備；嚴禁煙火並禁止攜帶火源進入；不得在作業室內從事熔接、熔斷或使用煙火、電弧作業。	Article 34: inform workers of combustion risk under pressure; guarded safety lamps; spark-free switches; safe heaters; strict no-fire rule with ignition sources banned; no welding, cutting, open flame or arc work inside.	draft	3		
Q0392	OSH	OSH-18	異常氣壓危害預防標準	第35條	民國103年6月25日	異常氣壓-管理	2	為防止沈箱之異常沈降致危害高壓室內作業勞工，刃口下方之掘深度不得超過多少公分？	一百五十公分	三十公分	五十公分	一百公分	To prevent abnormal caisson sinking, excavation below the cutting edge shall not exceed:	150 cm	30 cm	50 cm	100 cm	c	第35條：刃口下方之掘深度不得超過五十公分。第36條：高壓室內作業主管應攜帶手電筒、緊急用信號設備、壓力表及高壓下可測定二氧化碳等濃度之測定儀器。	Article 35: not more than 50 cm below the cutting edge; Article 36: the supervisor carries a flashlight, emergency signaling device, pressure gauge and a CO2/gas meter usable under pressure.	draft	3		
Q0393	OSH	OSH-18	異常氣壓危害預防標準	第37條	民國103年6月25日	異常氣壓-潛水人員	3	水肺空氣潛水作業之最大深度限制為多少？水面供氣空氣潛水為多少？	二十四點四公尺（八十呎）；四十二點七公尺（一百四十呎）	三十點五公尺（一百呎）；六十七點一公尺（二百二十呎）	三十九點六公尺（一百三十呎）；九十一點五公尺（三百呎）	三十九點六公尺（一百三十呎）；五十七點九公尺（一百九十呎）	The maximum depth for scuba air diving and for surface-supplied air diving is:	24.4 m (80 ft); 42.7 m (140 ft)	30.5 m (100 ft); 67.1 m (220 ft)	39.6 m (130 ft); 91.5 m (300 ft)	39.6 m (130 ft); 57.9 m (190 ft)	d	第37條第2項：水肺空氣潛水最大深度三十九點六公尺（一百三十呎）；水面供氣空氣潛水五十七點九公尺（一百九十呎）；人工調和混合氣潛水最大九十一點五公尺（三百呎），氮氧混合氣不得超過四十二點七公尺（一百四十呎）。	Article 37(2): scuba air 39.6 m (130 ft); surface-supplied air 57.9 m (190 ft); mixed gas up to 91.5 m (300 ft), nitrox not beyond 42.7 m (140 ft).	draft	3		
Q0394	OSH	OSH-18	異常氣壓危害預防標準	第37條	民國103年6月25日	異常氣壓-潛水人員	3	人工調和混合氣潛水，潛水深度達多少公尺至九十一點五公尺，或減壓時間超過多少分鐘者，需使用潛水鐘？	三十點五公尺（一百呎）；六十分鐘	六十七點一公尺（二百二十呎）；一百二十分鐘	五十七點九公尺（一百九十呎）；九十分鐘	四十二點七公尺（一百四十呎）；一百八十分鐘	In mixed-gas diving, a diving bell is required at depths from what to 91.5 m, or when decompression exceeds how long?	30.5 m (100 ft); 60 minutes	67.1 m (220 ft); 120 minutes	57.9 m (190 ft); 90 minutes	42.7 m (140 ft); 180 minutes	b	第37條第2項第2款：潛水深度達六十七點一公尺（二百二十呎）至九十一點五公尺（三百呎）或減壓時間超過一百二十分鐘者，需使用潛水鐘。	Article 37(2)(2): from 67.1 m (220 ft) to 91.5 m (300 ft), or when decompression time exceeds 120 minutes, a diving bell must be used.	draft	3		
Q0395	OSH	OSH-18	異常氣壓危害預防標準	第37條	民國103年6月25日	異常氣壓-潛水人員	2	雇主實施潛水作業所僱用之勞工，應具備下列何種資格之一？	潛水醫學體格檢查合格證明、水肺潛水休閒證照，或投保潛水傷害保險之證明文件	船舶駕駛執照、甲級船員適任證書，或漁業從業人員登記證經航政機關備查	職業潛水職類職業訓練結訓證書、潛水人員技術士證，或國外相當執照經中央主管機關認可	游泳教練證書、水上救生員證照，或經雇主自行辦理之潛水訓練合格證明	Divers employed for diving work must hold one of:	A diving medical fitness certificate, a recreational scuba certification, or proof of diving accident insurance cover	A vessel master's license, a certificate of competency as a senior crew member, or a fishery worker registration card	A commercial diving vocational training certificate, a diver technician license, or an approved equivalent foreign license	A swimming instructor certificate, a water lifesaving certificate, or an in-house diving course certificate from the employer	c	第37條第1項：持有依法設立訓練機構辦理之職業潛水職類職業訓練結訓證書；領有中央主管機關認可之潛水人員技術士證；或於國外受訓領有相當職業潛水執照經報請中央主管機關認可。	Article 37(1): a commercial diving training certificate from a legally established institution, a diver technician certificate recognized by the central authority, or an equivalent foreign license approved by the central authority.	draft	3		
Q0396	OSH	OSH-18	異常氣壓危害預防標準	第37-1條	民國103年6月25日	異常氣壓-潛水管理	2	雇主使勞工從事潛水作業前，應訂定何種計畫據以實施？	水域環境影響評估計畫	職業災害善後處理計畫	潛水器材採購維護計畫	潛水作業安全衛生計畫	Before diving work, the employer shall formulate:	A marine environmental impact plan	An occupational accident aftercare plan	A diving equipment procurement plan	A diving work safety and health plan	d	第37條之1：應訂定潛水作業安全衛生計畫，內容包括潛水目的、作業環境、作業編組、人員名冊與資格、器具設備、作業時間、正常程序及緊急應變處理程序等。	Article 37-1: a diving safety and health plan covering purpose, environment, team organization, personnel roster and qualifications, equipment, work time, normal procedures and emergency response.	draft	3		
Q0397	OSH	OSH-18	異常氣壓危害預防標準	第38條	民國103年6月25日	異常氣壓-潛水管理	2	潛水作業現場應設置幾名救援潛水員？其應如何待命？	二名，於岸上待命必要時著裝下水	一名，由連絡員兼任並於岸上待命	一名，全程穿著潛水裝備待命下水	一名，於船上休息待接獲通知後著裝	How many standby rescue divers are required on site, and how do they stand by?	Two, waiting on shore and dressing in dive gear only when a rescue is actually needed	One, whose duties are covered by the tender, standing by on shore in ordinary clothing	One, fully dressed in dive gear throughout the operation, ready to enter the water	One, resting on the boat and dressing in dive gear after being notified of an emergency	c	第38條：作業現場應設置救援潛水員一名，該救援潛水員應於潛水作業全程穿著潛水裝備（水面供氣之頭盔及配重帶除外），待命下水。	Article 38: one standby diver wearing dive equipment (except surface-supply helmet and weight belt) for the entire operation, ready to dive.	draft	3		
Q0398	OSH	OSH-18	異常氣壓危害預防標準	第39條	民國103年6月25日	異常氣壓-潛水管理	3	潛水作業主管之設備檢點與作業檢點紀錄應保存幾年？潛水日誌應保存幾年？	三年；五年	五年；十五年	十年；二十年	一年；三年	Diving supervisor equipment/work inspection records are kept how long, and the diving log how long?	3 years; 5 years	5 years; 15 years	10 years; 20 years	1 year; 3 years	b	第39條：潛水作業主管應確認潛水計畫、現場技術指揮、確認連繫方法、待命船隻及後送程序、確認工作手冊、實施設備與作業檢點（紀錄保存五年）、填具潛水日誌記錄每位潛水人員作業情形及減壓時間（保存十五年）。	Article 39: the diving supervisor confirms the plan, directs on site, confirms communications, standby vessel and evacuation, work handbooks, inspects equipment and personnel (records 5 years), and keeps a diving log with decompression times (15 years).	draft	3		
Q0399	OSH	OSH-18	異常氣壓危害預防標準	第39條	民國103年6月25日	異常氣壓-潛水管理	3	使用水面供氣設備潛水作業期間，應每小時檢查何事？	船隻油量及補充緊急備用氣瓶	風向及調整空壓機進氣口位置	潮流及更換供氣管之過濾濾芯	水溫及調整潛水員之停留深度	During surface-supplied diving, what must be checked every hour?	Boat fuel level, refilling the emergency reserve cylinder	Wind direction, adjusting the compressor air intake position	Tidal current, replacing the air hose filter element	Water temperature, adjusting the diver's stop depth	b	第39條第3項第1款：使用水面供氣設備者，應檢點潛水器、供氣管、信號索、安全索及壓力調節器，並於作業期間每小時檢查風向及調整空壓機進氣口位置。	Article 39(3)(1): inspect the diving apparatus, air hose, signal line, safety line and regulator, and check wind direction hourly to adjust the compressor intake.	draft	3		
Q0400	OSH	OSH-18	異常氣壓危害預防標準	第40條	民國103年6月25日	異常氣壓-潛水管理	2	雇主使勞工從事潛水作業前應公告之資料，包括下列何者？	氣瓶充填廠商名稱、潛水裝備採購價格、船舶租賃合約、保險理賠流程	減壓艙所在地、潛水病醫療機構及醫師、海陸空運輸資訊、國軍或急難救援單位	工程承攬金額、施工進度表及工期、材料供應廠商資訊、監造單位聯絡方式	潛水員薪資給付標準、勞保投保級距、加班時數統計、退休金提繳紀錄	Before diving work, the employer shall post information including:	Cylinder filling contractors, purchase prices of diving equipment, vessel charter contracts, and insurance claim procedures	Location of the decompression chamber, diving-medicine facilities and doctors, sea/land/air transport, military or rescue units	Contract value of the works, the construction schedule and duration, material suppliers, and the supervising firm's contacts	Divers' wage rates, labor insurance grades, overtime hour statistics, and pension contribution records for each diver	b	第40條：應備置必要之急救藥品及器材，並公告減壓艙所在地、潛水病醫療機構及醫師、海陸空運輸有關資訊、國軍或其他急難救援單位。	Article 40: first-aid supplies plus posted information on the chamber location, hyperbaric medical facilities and physicians, transport options, and military or other rescue units.	draft	3		
Q0401	OSH	OSH-18	異常氣壓危害預防標準	第43條	民國103年6月25日	異常氣壓-減壓	3	使用水肺或水面供氣空氣潛水，正常上浮速率不得超過每分鐘多少公尺？潛水紀錄應保存幾年？	十八點三公尺（六十呎）；三年	十五點二公尺（五十呎）；一年	三點零公尺（十呎）；十年	九點一公尺（三十呎）；五年	For scuba or surface-supplied air diving, the normal ascent rate shall not exceed, and dive records are kept for:	18.3 m (60 ft) per minute; 3 years	15.2 m (50 ft) per minute; 1 year	3 m (10 ft) per minute; 10 years	9.1 m (30 ft) per minute; 5 years	d	第43條：正常上浮速率不得超過每分鐘九點一公尺（三十呎），潛水程序依深度、滯底時間、減壓站停留時間、總上浮時間、重複潛水組群等從事，不得超過附表規定，並每次作成紀錄保存五年。	Article 43: ascent not faster than 9.1 m (30 ft) per minute, following the tables for depth, bottom time, stops, total ascent time and repetitive groups; records kept 5 years.	draft	3		
Q0402	OSH	OSH-18	異常氣壓危害預防標準	第44條	民國103年6月25日	異常氣壓-減壓	3	水面使用氧氣減壓時，自十二點二公尺減壓站上浮至水面、卸裝、進入減壓艙並加壓至十五點二公尺深度，此水面間歇總時間不得超過幾分鐘？	三分鐘	十五分鐘	五分鐘	十分鐘	For surface oxygen decompression, the total surface interval from leaving the 12.2 m stop to reaching 15.2 m in the chamber shall not exceed:	3 minutes	15 minutes	5 minutes	10 minutes	c	第44條：於離開十二點二公尺（四十呎）減壓站開始，以每分鐘十二點二公尺速率上浮至水面、卸裝、進入減壓艙，以每分鐘三十點五公尺速率加壓至艙內十五點二公尺（五十呎），正常水面間歇總時間不得超過五分鐘；每一氧氣呼吸單元為呼吸純氧三十分鐘及呼吸空氣休息五分鐘。	Article 44: ascend from the 12.2 m (40 ft) stop at 12.2 m/min, undress, enter the chamber and pressurize at 30.5 m/min to 15.2 m (50 ft); total surface interval not over 5 minutes; each oxygen unit is 30 min oxygen plus 5 min air break.	draft	3		
Q0403	OSH	OSH-18	異常氣壓危害預防標準	第45-1條	民國103年6月25日	異常氣壓-減壓	3	使用氮氧人工調和混合氣潛水時，其氧氣濃度不得超過百分之多少？氧分壓不得超過多少絕對大氣壓力？	百分之四十；一點四	百分之二十一；一	百分之三十；一點六	百分之五十；二	For nitrox diving, oxygen concentration shall not exceed, and oxygen partial pressure shall not exceed:	40%; 1.4 ATA	21%; 1 ATA	30%; 1.6 ATA	50%; 2 ATA	a	第45條之1：使用氮氧人工調和混合氣供氣時，應參照相當空氣潛水深度依減壓時程作業，其氧氣濃度不得超過百分之四十，且氧分壓不得超過一點四絕對大氣壓力。	Article 45-1: follow the equivalent air depth tables; oxygen not over 40% and oxygen partial pressure not over 1.4 ATA.	draft	3		
Q0404	OSH	OSH-18	異常氣壓危害預防標準	第48條	民國103年6月25日	異常氣壓-緊急	3	因緊急事故增加上浮速率或縮短減壓站停留後，進入減壓艙再加壓時，加壓速率不得超過每分鐘多少公尺？	二十四點四公尺（八十呎）	三十點五公尺（一百呎）	九點一公尺（三十呎）	十二點二公尺（四十呎）	After an emergency rapid ascent, recompression in the chamber shall not exceed a rate of:	24.4 m (80 ft) per minute	30.5 m (100 ft) per minute	9.1 m (30 ft) per minute	12.2 m (40 ft) per minute	a	第48條：緊急救出後，有症狀者立即送醫；無症狀者依附表四之三處置；進入減壓艙再加壓時，加壓速率依潛水人員可容忍範圍為之，但不得超過每分鐘二十四點四公尺（八十呎）。	Article 48: symptomatic divers go to hospital; asymptomatic ones follow the table; recompression at a tolerable rate not exceeding 24.4 m (80 ft) per minute.	draft	3		
Q0405	OSH	OSH-18	異常氣壓危害預防標準	第50條	民國103年6月25日	異常氣壓-供氣	3	使用水面供氣設備供氣時，應於潛水深度壓力下對每一潛水勞工每分鐘供給多少公升以上？	一百公升	一百五十公升	六十公升	三十公升	Surface-supplied air must deliver to each diver, at depth pressure, at least how many liters per minute?	100 L	150 L	60 L	30 L	c	第50條：使用水面供氣設備供氣時，應於潛水深度壓力下，對每一潛水作業勞工每分鐘供給六十公升以上。	Article 50: at least 60 liters per minute per diver at the pressure of the diving depth.	draft	3		
Q0406	OSH	OSH-18	異常氣壓危害預防標準	第52條	民國103年6月25日	異常氣壓-供氣	3	使用充填壓力超過每平方公分多少公斤之氣瓶供氣時，應使用二段以上減壓方式的壓力調節器？	五公斤	二十公斤	十公斤	五十公斤	Cylinders filled above what pressure require a two-stage (or more) regulator?	5 kg/cm²	20 kg/cm²	10 kg/cm²	50 kg/cm²	c	第52條：使用充填壓力超過每平方公分十公斤之氣瓶供氣時，應使用有二段以上減壓方式的壓力調節器。第51條：單人潛水需有繩索繫著，二人共潛需在互相視線可及之處。	Article 52: above 10 kg/cm², a regulator with two or more stages; Article 51: solo divers must be tethered and buddy divers within sight of each other.	draft	3		
Q0407	OSH	OSH-18	異常氣壓危害預防標準	第54條	民國103年6月25日	異常氣壓-檢點	3	充填氧氣、空氣、混合氣之水肺氣瓶及高壓氣瓶，每幾年應送合格檢驗單位以工作壓力之幾倍實施水壓測試？	每五年；一點五倍	每年；一倍	每十年；一點二倍	每三年；二倍	Scuba and high-pressure cylinders must be hydrostatically tested every how many years, at how many times the working pressure?	Every 5 years; 1.5 times	Every year; 1 time	Every 10 years; 1.2 times	Every 3 years; 2 times	a	第54條第5款：充填氧氣、空氣、混合氣之水肺氣瓶、緊急備用氣瓶、高壓氣瓶每五年應送至合格檢驗單位，以工作壓力之一點五倍實施水壓測試。檢點紀錄保存五年。	Article 54(5): every 5 years at 1.5× working pressure by a qualified testing body; inspection records kept 5 years.	draft	3		
Q0408	OSH	OSH-18	異常氣壓危害預防標準	第55條	民國103年6月25日	異常氣壓-供氣	3	潛水作業之呼吸供氣不得使用純氧；其供氣氣體標準中一氧化碳應低於多少 ppm？二氧化碳應低於多少 ppm？	十 ppm；一千 ppm	五十 ppm；五千 ppm	一 ppm；一百 ppm	一百 ppm；一萬 ppm	Diving breathing air must not be pure oxygen; CO must be below, and CO2 below:	10 ppm; 1,000 ppm	50 ppm; 5,000 ppm	1 ppm; 100 ppm	100 ppm; 10,000 ppm	a	第55條：呼吸供氣不得使用純氧；換算一大氣壓下水氣低於六十七 ppm、一氧化碳低於十 ppm、二氧化碳低於一千 ppm、油霧低於每立方公尺五毫克。	Article 55: no pure oxygen; at 1 atm equivalent, water vapor below 67 ppm, CO below 10 ppm, CO2 below 1,000 ppm, oil mist below 5 mg/m³.	draft	3		
Q0409	OSH	OSH-18	異常氣壓危害預防標準	第56條	民國103年6月25日	異常氣壓-連絡員	3	使用水面供氣設備潛水時應至少置連絡員一名；潛水勞工超過一人者，每增加幾人再置連絡員一名？	一人	三人	五人	二人	Surface-supplied diving requires at least one tender; for more than one diver, one additional tender per how many additional divers?	1	3	5	2	d	第56條：應至少置連絡員一名，潛水作業勞工超過一人者，每增加二人再置連絡員一名，負責與潛水勞工連繫指導下潛上浮、與供氣設備操作勞工連繫、異常時立即連繫、確認頭盔式潛水器正確著裝。	Article 56: at least one tender; one more per two additional divers, to guide descent/ascent, liaise with the air supply operator, respond to faults, and check helmet dress.	draft	3		
Q0410	OSH	OSH-18	異常氣壓危害預防標準	第57條	民國103年6月25日	異常氣壓-裝備	2	使用水肺從事潛水作業時，除攜帶水中計時器、深度表及潛水刀外，並應使勞工著用何物？	救生衣	工作手套	反光背心	安全頭盔	Scuba divers must carry a dive timer, depth gauge and dive knife, and also wear:	A life jacket	Work gloves	A reflective vest	A safety helmet	a	第57條：水面供氣潛水應攜帶緊急用水肺、信號索、水中計時器、深度表及潛水刀（可通話者得免信號索）；使用水肺潛水應攜帶水中計時器、深度表及潛水刀，並應著用救生衣。	Article 57: surface-supplied divers carry a bailout scuba, signal line, timer, depth gauge and knife; scuba divers carry timer, depth gauge and knife and wear a life jacket.	draft	3		
Q0411	OSH	OSH-18	異常氣壓危害預防標準	第64條	民國103年6月25日	異常氣壓-再壓室	2	使用再壓室時，下列何者正確？	得使用純氧加壓以縮短療程；每週彙總記錄一次即可	不得使用純氧加壓；應持續監視並記錄每次加減壓狀況	主室與副室間之門應保持開啟；各室壓力得維持不同	使用前免予檢點輸排氣設備；加減壓狀況由艙內人員事後回報	When using a recompression chamber, which is correct?	Pure oxygen may be used to shorten treatment; a weekly summary record of the sessions is sufficient	Never pressurize with pure oxygen; continuously monitor and record every compression and decompression	Keep the door between the main and auxiliary chambers open; the two chambers may hold different pressures	Pre-use checks of the supply and exhaust equipment may be skipped; occupants report pressures afterwards	b	第64條：當日使用前檢點輸排氣設備、通話設備及警報裝置；不得使用純氧加壓；除進出必要外應關閉主室與副室間之門且使各室壓力相等；應持續監視加減壓狀況並記錄每次狀況。	Article 64: daily pre-use checks; no pure oxygen pressurization; keep the inner door closed except when passing with pressures equalized; monitor continuously and record each session.	draft	3		
Q0412	OSH	OSH-18	異常氣壓危害預防標準	第73條	民國103年6月25日	異常氣壓-再壓室	2	再壓室及減壓艙內部，下列何者為正確規定？	內部不得設置開關及插座等電路連接器，電路不得有分歧	照明器具得任意安裝於側壁，地面床具得使用一般木質材料	內部得使用明火式暖氣設備，照明器具得以延長線供電	內部得設置一般插座供器具使用，電路應加裝漏電斷路器	Inside recompression and decompression chambers, which is correct?	No switches, sockets or other electrical connectors inside, and no branched circuits	Lighting may be mounted anywhere on the side walls, and floors may use ordinary timber	Open-flame heaters may be used inside, and lighting may be powered by extension cords	Ordinary sockets may be fitted inside, provided the circuits have earth-leakage breakers	a	第73、75、89、91條：再壓室及減壓艙內部不得設置開關及插座等電路連接器；內部電路不得有分歧；電氣機械器具不得產生火花電弧；照明器具應直接附置於頂上、可耐最高使用壓力、具金屬護罩；地面床具應為不燃性材料。	Articles 73/75/89/91: no switches or sockets inside; no branched circuits; no spark- or arc-producing electrical equipment; ceiling-mounted pressure-rated lights with metal guards; non-combustible floors and furnishings.	draft	3		
Q0413	OSH	OSH-18	異常氣壓危害預防標準	第86條	民國103年6月25日	異常氣壓-減壓艙	3	減壓艙主供氣系統之氣量應足夠供減壓艙加壓至多少公尺深度幾次並安全上升至水面？	五十公尺；兩次	一百公尺；三次	三十公尺；一次	二十公尺；五次	A decompression chamber's main air supply must suffice to pressurize the chamber to what depth how many times and return safely to the surface?	50 m; twice	100 m; three times	30 m; once	20 m; five times	a	第86條：主供氣系統應足夠供減壓艙加壓至五十公尺深度兩次並安全上升至水面全程供氣；副供氣系統足夠加壓至五十公尺一次及安全上升之一小時供氣；並應有呼吸用專用空壓機及過濾器、純氧供氣瓶組。	Article 86: main system: two pressurizations to 50 m plus full ascent; backup: one pressurization to 50 m plus one hour of ascent supply; plus a dedicated breathing-air compressor with filter and pure-oxygen cylinders.	draft	3		
Q0414	OSH	OSH-12	危害性化學品標示及通識規則	第2條	民國115年8月26日	化學品標示-定義	1	危害性化學品標示及通識規則所稱「危害性化學品」，其分類依據為何？	國家標準 CNS 4750	國家標準 CNS 15030	國家標準 CNS 9328	國際標準 ISO 9001	'Hazardous chemicals' under the Labeling and Hazard Communication Rules are classified according to:	National standard CNS 4750	National standard CNS 15030	National standard CNS 9328	International standard ISO 9001	b	第2條：危險物指符合國家標準CNS 15030分類具有物理性危害者；有害物指符合CNS 15030分類具有健康危害者。	Article 2: dangerous substances have physical hazards and harmful substances have health hazards, both classified per CNS 15030 (the GHS-based standard).	draft	3		
Q0415	OSH	OSH-12	危害性化學品標示及通識規則	第4條	民國115年8月26日	化學品標示-適用	2	下列何者不適用危害性化學品標示及通識規則？	工業用強酸、強鹼、氧化劑、腐蝕性藥品	食品、飲料、藥品、醫療器材、化粧品	工業用可燃性氣體、液化石油氣、乙炔	工業用有機溶劑、稀釋劑、清潔劑、接著劑	Which is NOT covered by the Hazardous Chemicals Labeling and Communication Rules?	Industrial strong acids, alkalis, oxidizers and corrosives	Food, beverages, pharmaceuticals, medical devices and cosmetics	Industrial flammable gases, liquefied petroleum gas and acetylene	Industrial organic solvents, thinners, detergents and adhesives	b	第4條不適用：事業廢棄物、菸草或菸草製品、食品飲料藥品醫療器材化粧品、製成品、非工業用途之一般民生消費商品、滅火器、反應槽或製程中正在反應之中間產物、其他指定者。	Article 4 exemptions: industrial waste; tobacco products; food, beverages, drugs, medical devices, cosmetics; articles (manufactured items); non-industrial consumer goods; fire extinguishers; intermediates reacting in process vessels; others designated.	draft	3		
Q0416	OSH	OSH-12	危害性化學品標示及通識規則	第3條	民國115年8月26日	化學品標示-定義	2	規則所稱「製成品」，其特徵為何？	經檢驗合格之進口化學品，最終用途載明於報單，且在正常倉儲下不會變質	已完成包裝並標示之化學品，最終用途由使用者決定，且運送過程中不會外洩	已形成特定形狀或設計，最終用途決定於該形狀，且正常使用下不會釋放危害性化學品	由二種以上成分組成之混合物，其危害性依含量最高者認定，且不需另作測試	An 'article' (manufactured item) under the Rules is characterized by:	An imported chemical that has passed inspection, with its end use stated on the customs declaration	A packaged and labeled chemical whose end use is chosen by the buyer, with no leakage during transport	A specific shape or design that determines its end use, and no release of hazardous chemicals in normal use	A mixture of two or more ingredients whose hazard follows its largest ingredient, needing no testing	c	第3條第1款：製成品指在製造過程中已形成特定形狀或依特定設計，其最終用途全部或部分決定於該特定形狀或設計，且在正常使用狀況下不會釋放出危害性化學品之物品。	Article 3(1): an article has a specific shape or design that wholly or partly determines its end-use function and does not release hazardous chemicals under normal use.	draft	3		
Q0417	OSH	OSH-12	危害性化學品標示及通識規則	第5條	民國115年8月26日	化學品標示-標示	2	裝有危害性化學品之容器，應標示之事項不包括下列何者？	售價	危害圖式	警示語、危害警告訊息、危害防範措施	名稱及危害成分	Which is NOT a required element on a hazardous chemical container label?	Price	Hazard pictogram	Signal word, hazard statements and precautionary statements	Name and hazardous ingredients	a	第5條：應標示危害圖式，及名稱、危害成分、警示語、危害警告訊息、危害防範措施、製造者輸入者或供應者之名稱地址及電話；文字以中文為主，必要時輔以外文。	Article 5: pictogram; name; hazardous ingredients; signal word; hazard statements; precautionary statements; manufacturer/importer/supplier name, address and phone; Chinese text, with foreign language where needed.	draft	3		
Q0418	OSH	OSH-12	危害性化學品標示及通識規則	第5條	民國115年8月26日	化學品標示-標示	3	容器之容積在多少毫升以下者，得僅標示名稱、危害圖式及警示語？	二百五十毫升	五十毫升	五百毫升	一百毫升	Containers of what volume or less may be labeled with only the name, pictogram and signal word?	250 mL	50 mL	500 mL	100 mL	d	第5條第3項：容器之容積在一百毫升以下者，得僅標示名稱、危害圖式及警示語。	Article 5(3): containers of 100 mL or less may show only the name, hazard pictogram and signal word.	draft	3		
Q0419	OSH	OSH-12	危害性化學品標示及通識規則	第7條	民國115年8月26日	化學品標示-圖式	2	危害圖式之形狀及顏色規定為何？	正三角形，符號黑色、背景黃色、紅框且大小固定為十公分	圓形，符號黑色、背景黃色、外緣黑框且需加註警示語	直立四十五度角之正方形（菱形），符號黑色、背景白色、紅框	直立四十五度角之正方形（菱形），符號白色、背景紅色、黑框	What are the shape and colors of a hazard pictogram?	An equilateral triangle, black symbol on yellow, red border and a fixed 10 cm size	A circle with a black symbol on a yellow background, a black rim and a signal word	A square set at 45° (diamond) with black symbol, white background and red border	A square set at 45° (diamond) with white symbol, red background and black border	c	第7條：危害圖式形狀為直立四十五度角之正方形，大小需能辨識清楚；圖式符號應使用黑色，背景為白色，圖式之紅框有足夠警示作用之寬度。	Article 7: a square rotated 45°, clearly legible, with a black symbol on a white background inside a sufficiently wide red frame.	draft	3		
Q0420	OSH	OSH-12	危害性化學品標示及通識規則	第8條	民國115年8月26日	化學品標示-免標示	3	下列何種容器得免標示？	所有玻璃製容器，因材質透明可直接辨識內容物，且置於實驗室內者	勞工使用之可攜帶容器，其化學品取自有標示之容器，且僅供裝入之勞工當班立即使用	勞工使用之可攜帶容器，其化學品取自有標示之容器，且供全體勞工於當月內使用	容積在五百毫升以下之小型容器，且已於外箱標示名稱者，得免除全部標示事項	Which container may be exempt from labeling?	Any glass container, since the transparent material lets the contents be identified directly	A portable container filled from a labeled container for immediate use by that worker during the shift	A portable container filled from a labeled container for use by all workers at any time that month	A small container of 500 mL or less whose outer carton already shows the name of the chemical	b	第8條免標示：外部容器已標示僅供內襯且不再取出之內部容器；內部容器已標示且由外部可見之外部容器；勞工使用之可攜帶容器取自有標示容器且僅供裝入之勞工當班立即使用；取自有標示容器供實驗室自行實驗研究之用。	Article 8 exemptions: inner liners not removed when the outer container is labeled; outer containers through which an inner label is visible; portable containers filled from labeled containers for the filling worker's immediate use that shift; lab containers for the lab's own research.	draft	3		
Q0421	OSH	OSH-12	危害性化學品標示及通識規則	第9條	民國115年8月26日	化學品標示-公告板	3	裝有危害性化學品之導管或配管系統，得以何種方式代替容器標示？	於作業場所入口設置警戒線，或由現場主管每日口頭告知	設置公告板，或掛使用牌、漆規定識別顏色及記號	設置公告板，或於管線兩端各貼一張小型標籤代替	檢附安全資料表送勞動檢查機構備查，即得免除標示	For pipelines and piping systems carrying hazardous chemicals, container labels may be replaced by:	A warning line at the entrance to the work area, or a daily verbal briefing given by the site supervisor	A posted notice board, or hanging usage tags or painting the prescribed identification colors and marks	A posted notice board, or one small sticker attached at each end of the pipeline in place of the labels	Filing the safety data sheet with the labor inspection agency, which then exempts the piping from labeling	b	第9條：裝同一種化學品之數個容器置於同一處所、導管或配管系統、反應器蒸餾塔等化學設備、冷卻攪拌壓縮裝置、輸送裝置，得於明顯處設置公告板代替容器標示；屬管系者得掛使用牌或漆有規定識別顏色及記號替代。	Article 9: notice boards may replace labels for grouped containers, pipelines, chemical equipment (reactors, columns), cooling/mixing/compression equipment and conveyors; piping may use tags or prescribed color codes.	draft	3		
Q0422	OSH	OSH-12	危害性化學品標示及通識規則	第11條	民國115年8月26日	化學品標示-供應者	2	製造者、輸入者或供應者提供危害性化學品與事業單位前，應辦理何事？	開立統一發票並檢附運送清單即可	以口頭說明危害性，並由買方簽收確認	於容器上予以標示，並附送商品保證書	於容器上予以標示，並提供安全資料表	Before supplying hazardous chemicals to an enterprise, manufacturers, importers or suppliers shall:	Issue a uniform invoice together with a delivery list	Explain the hazards verbally and have the buyer sign	Label the container and enclose a product warranty	Label the container and provide a safety data sheet	d	第11條：提供危害性化學品與事業單位或自營作業者前，應於容器上予以標示，準用第5至9條規定。第13條：並應提供安全資料表，混合物應依混合後之危害性製作。	Article 11: label containers per Articles 5–9; Article 13: provide an SDS, prepared for the mixture's overall hazards.	draft	3		
Q0423	OSH	OSH-12	危害性化學品標示及通識規則	第12條	民國115年8月26日	化學品標示-SDS	2	雇主對含有危害性化學品之每一化學品，應提供勞工何種文件？其文字規定為何？	產品說明書；得使用任意語言，由供應商自行決定	安全資料表；以英文為主，必要時輔以中文摘要說明	安全資料表；以中文為主，必要時輔以勞工能瞭解之外文	危害物質清單；以中文為主，經勞工簽名後存查即可	For each hazardous chemical, the employer shall provide workers with what document, in which language?	A product manual; in any language the supplier chooses, entirely at its own discretion	A safety data sheet; mainly in English, supplemented by a Chinese summary where necessary	A safety data sheet; mainly Chinese, supplemented by a language workers understand where needed	A hazardous substance inventory; mainly Chinese, kept on file once workers have signed it	c	第12條：雇主對含有危害性化學品或符合附表三規定之每一化學品，應依附表四提供勞工安全資料表；所用文字以中文為主，必要時並輔以作業勞工所能瞭解之外文。	Article 12: an SDS per Annex 4 for each hazardous chemical, mainly in Chinese with a foreign language workers understand where necessary.	draft	3		
Q0424	OSH	OSH-12	危害性化學品標示及通識規則	第15條	民國115年8月26日	化學品標示-SDS	3	安全資料表至少應每幾年檢討一次？其更新紀錄應保存幾年？	二年；十年	五年；五年	三年；三年	一年；一年	SDSs must be reviewed at least every how many years, and update records kept how long?	2 years; 10 years	5 years; 5 years	3 years; 3 years	1 year; 1 year	c	第15條：製造者、輸入者、供應者或雇主應依實際狀況檢討安全資料表內容正確性，適時更新，並至少每三年檢討一次；更新之內容、日期、版次等紀錄應保存三年。	Article 15: review accuracy and update as needed, at least every three years; keep update records (content, date, version) for three years.	draft	3		
Q0425	OSH	OSH-12	危害性化學品標示及通識規則	第17條	民國115年8月26日	化學品標示-通識	2	雇主為使勞工知悉危害性化學品之危害資訊，應採取之措施不包括下列何者？	訂定危害通識計畫並執行，紀錄保存三年	將安全資料表置於工作場所易取得之處	製作危害性化學品清單	將安全資料表鎖在主管辦公室	Which is NOT a required hazard communication measure?	A hazard communication program, implemented with 3-year records	SDSs placed where workers can easily access them	A hazardous chemicals inventory	Locking SDSs in the manager's office	d	第17條：依實際狀況訂定危害通識計畫並執行（紀錄保存三年）；製作危害性化學品清單；將安全資料表置於工作場所易取得之處；使勞工接受製造處置使用危害性化學品之教育訓練；其他必要措施。	Article 17: a hazard communication program (records 3 years), a chemical inventory, SDSs readily accessible in the workplace, training per the Training Rules, and other necessary measures.	draft	3		
Q0426	OSH	OSH-12	危害性化學品標示及通識規則	第17條	民國115年8月26日	化學品標示-通識	3	危害通識計畫應包含哪些必要項目？	人員名冊、健康檢查紀錄、勞工保險資料、出勤紀錄之擬訂執行紀錄及修正	財務報表、採購預算、成本分析、年度營運計畫之擬訂執行紀錄及修正	危害性化學品清單、安全資料表、標示、危害通識教育訓練之擬訂執行紀錄及修正	危害性化學品清單、進貨發票、庫存盤點表、供應商評鑑之擬訂執行紀錄及修正	A hazard communication program must include:	Planning, implementation, records and revision of personnel rosters, health check records, insurance files and attendance	Planning, implementation, records and revision of financial statements, purchase budgets, cost analyses and business plans	Planning, implementation, records and revision of the chemical inventory, SDSs, labeling and hazard communication training	Planning, implementation, records and revision of the chemical inventory, purchase invoices, stock counts and supplier audits	c	第17條第2項：危害通識計畫應含危害性化學品清單、安全資料表、標示、危害通識教育訓練等必要項目之擬訂、執行、紀錄及修正措施。	Article 17(2): the program covers the chemical inventory, SDSs, labels and training, with planning, implementation, records and revisions.	draft	3		
Q0427	OSH	OSH-12	危害性化學品標示及通識規則	第18條	民國115年8月26日	化學品標示-營業秘密	3	製造者、輸入者或供應者為保護商品營業秘密，欲保留揭示安全資料表中之危害成分名稱等，應向何機關申請核定？	中央主管機關	經濟部	地方政府	勞動檢查機構	To withhold trade-secret ingredient information from an SDS, the manufacturer, importer or supplier must apply for approval to:	The central competent authority	The Ministry of Economic Affairs	The local government	The labor inspection agency	a	第18條：為維護國家安全或商品營業秘密，保留揭示成分名稱、CAS號碼、含量或供應者名稱時，應檢附證明、對策、經濟利益評估、危害性分類說明等文件，向中央主管機關申請核定；補正以二次為限，每次三十日內。	Article 18: apply to the central competent authority with proof of national security or trade secret, protective measures, economic impact assessment and hazard classification; corrections within 30 days, at most twice.	draft	3		
Q0428	OSH	OSH-12	危害性化學品標示及通識規則	第18-1條	民國115年8月26日	化學品標示-營業秘密	3	下列何種危害性化學品成分，不得申請保留安全資料表內容之揭示？	一般有機溶劑、稀釋劑、勞工作業場所未設容許暴露標準之化學物質	黏著劑、樹脂單體，及未列入 CNS 15030 分類之化學物質	顏料、染料及色母粒等，經中央主管機關公告為低危害之化學物質	致癌物質、生殖毒性物質、勞工作業場所容許暴露標準所列之化學物質	Which ingredients can NOT be withheld from SDS disclosure as trade secrets?	Common organic solvents, thinners and substances with no workplace exposure standard set	Adhesives, resin monomers and substances not classified under the CNS 15030 standard	Pigments, dyes and colour masterbatches announced by the central authority as low hazard	Carcinogens, reproductive toxicants and substances listed in the workplace exposure standards	d	第18條之1：勞工作業場所容許暴露標準所列之化學物質；CNS 15030分類之急毒性物質第一至三級、腐蝕或刺激皮膚第一級、嚴重損傷眼睛第一級、呼吸道或皮膚致敏物質、生殖細胞致突變性物質、致癌物質、生殖毒性物質、特定標的器官毒性單一及重複暴露第一級、吸入性危害第一級，不得申請保留揭示。	Article 18-1: substances in the permissible exposure standards; CNS 15030 acute toxicity categories 1–3, skin corrosion/irritation cat. 1, serious eye damage cat. 1, respiratory/skin sensitizers, germ cell mutagens, carcinogens, reproductive toxicants, STOT single/repeated cat. 1, aspiration hazard cat. 1.	draft	3		
Q0429	OSH	OSH-12	危害性化學品標示及通識規則	第19條	民國115年8月26日	化學品標示-揭示	2	主管機關、勞動檢查機構或醫師、緊急應變人員因緊急醫療及搶救需要，要求提供安全資料表及其保留揭示之資訊時，製造者、供應者或事業單位得否拒絕？	應於收費後提供；並得要求簽訂保密契約	不得拒絕；取得營業秘密者有保密義務	得予拒絕；除非另取得法院核發之搜索票	僅提供部分內容；保留揭示部分仍得拒絕	When authorities, inspectors, physicians or emergency responders request an SDS and withheld information for emergency care, may the supplier or enterprise refuse?	Only after a fee is paid and a confidentiality contract signed	No; recipients of trade secrets must keep them confidential	Yes, unless the requester produces a court search warrant	Only partial content; withheld items may still be refused	b	第19條：主管機關、勞動檢查機構為執行業務或醫師、緊急應變人員為緊急醫療及搶救之需要，得要求提供安全資料表及其保留揭示之資訊，不得拒絕；取得商品營業秘密者有保密之義務。	Article 19: they must not refuse; anyone who obtains trade secrets this way has a duty of confidentiality.	draft	3		
Q0430	OSH	OSH-12	危害性化學品標示及通識規則	第23條	民國115年8月26日	化學品標示-施行	3	民國115年8月26日修正發布之第5條附表一及第12條附表四，自何時施行？	一百十六年一月一日	一百十八年一月一日	一百十七年七月一日	一百十五年九月一日	The 2026 (ROC 115) amendments to Annex 1 of Article 5 and Annex 4 of Article 12 take effect on:	1 January 2027 (ROC 116)	1 January 2029 (ROC 118)	1 July 2028 (ROC 117)	1 September 2026 (ROC 115)	b	第23條：一百十五年八月二十六日修正發布之第五條附表一、第十二條附表四，自一百十八年一月一日施行；其餘修正條文自發布日施行。	Article 23: the Annex 1 and Annex 4 amendments promulgated on 26 August ROC 115 take effect on 1 January ROC 118 (2029); other amendments took effect on promulgation.	draft	3		
Q0431	OSH	OSH-12	危害性化學品標示及通識規則	第6條	民國115年8月26日	化學品標示-混合物	3	混合物未作整體測試者，其健康危害性應如何認定？	依成分中含量最高者之危害性認定，其餘成分得免予分類	由雇主自行決定分類結果，並報請勞動檢查機構備查即可	除有科學資料佐證外，依 CNS 15030 之混合物分類標準	一律視為無害，除非勞動檢查機構另行認定其具健康危害性	How is the health hazard of an untested mixture determined?	By the hazard of the ingredient with the highest content, ignoring the other ingredients	At the employer's discretion, with the classification filed with the labor inspection agency	Per the CNS 15030 mixture classification criteria, unless scientific data show otherwise	Always treated as harmless unless the labor inspection agency determines otherwise	c	第6條：混合物已作整體測試者依整體測試結果；未作整體測試者，其健康危害性除有科學資料佐證外，應依CNS 15030分類之混合物分類標準；燃燒、爆炸及反應性等物理性危害使用有科學根據之資料評估。	Article 6: tested mixtures use test results; untested ones follow CNS 15030 mixture classification for health hazards unless scientific evidence exists; physical hazards are assessed with scientifically based data.	draft	3		
Q0432	OSH	OSH-12	危害性化學品標示及通識規則	第10條	民國115年8月26日	化學品標示-運輸	2	裝有危害性化學品之容器於運輸時已依交通法規設置標示者，該容器於工作場所內運輸時是否須再依附表一標示？	須同時貼兩種標示	仍須重新標示	得免再標示	須移除交通標示	If a container already bears transport labeling under traffic regulations, must it be relabeled per Annex 1 while transported within the workplace?	Both labels are required	Yes, it must be relabeled	No, it is exempt during in-plant transport	The transport label must be removed	c	第10條：於運輸時已依交通法規有關運輸之規定設置標示者，該容器於工作場所內運輸時得免再依附表一標示；但勞工從事卸放、搬運、處置或使用時，雇主仍應依本規則辦理。	Article 10: exempt during transport within the workplace, but once workers unload, handle, process or use the chemical the Rules apply.	draft	3		
Q0433	OSH	OSH-34	缺氧症預防規則	第1條	民國103年6月26日	缺氧-法源	1	缺氧症預防規則係依職業安全衛生法第幾條規定訂定？	第十條第三項	第十九條第二項	第六條第三項	第二十三條	The Hypoxia Prevention Rules are enacted under which article of the OSH Act?	Article 10, paragraph 3	Article 19, paragraph 2	Article 6, paragraph 3	Article 23	c	第1條：本規則依職業安全衛生法第六條第三項規定訂定之。	Article 1: enacted under Article 6(3) of the Occupational Safety and Health Act.	draft	3		
Q0434	OSH	OSH-34	缺氧症預防規則	第2條	民國103年6月26日	缺氧-適用	3	貫通或鄰接下列何種地層之坑井、隧道內部屬缺氧危險場所？	經人工回填夯實之一般黏土層	含水量豐富且湧水量大之砂礫層	含有大量石英砂之堅硬地層	含有亞鐵鹽類或亞錳鹽類之地層	Shafts or tunnels penetrating or adjacent to which stratum are hazardous places?	Ordinary clay layers backfilled and compacted	Gravel layers rich in water with heavy seepage	Strata composed mainly of hard quartz sand	Strata containing ferrous or manganous salts	d	第2條第2項第2款：上層覆有不透水層之砂礫層中無含水或湧水較少之部分；含有亞鐵鹽類或亞錳鹽類之地層；含有甲烷、乙烷或丁烷之地層；湧出碳酸水之虞之地層；腐泥層。	Article 2(2)(2): dry gravel under impermeable layers; strata with ferrous or manganous salts; strata with methane, ethane or butane; strata that may emit carbonated water; putrid mud layers.	draft	3		
Q0435	OSH	OSH-34	缺氧症預防規則	第2條	民國103年6月26日	缺氧-適用	2	置放煤、褐煤、硫化礦石、鋼材、鐵屑、原木片、乾性油、魚油等物質之儲槽或倉庫內部屬缺氧危險場所，原因為何？	該等物質會放出大量純氧氣體	該等物質受潮即自行爆炸起火	該等物質易吸收空氣中之氧氣	該等物質會揮發劇毒之硫化氫	Why are storages of coal, sulfide ore, steel, iron scrap, wood chips, drying oil or fish oil hazardous places?	These materials release large amounts of pure oxygen	These materials ignite and explode when they get damp	These materials readily absorb oxygen from the air	These materials give off highly toxic hydrogen sulfide	c	第2條第2項第7款：置放煤、褐煤、硫化礦石、鋼材、鐵屑、原木片、木屑、乾性油、魚油或其他易吸收空氣中氧氣之物質之儲槽、船艙、倉庫、地窖、貯煤器等之內部。	Article 2(2)(7): such materials readily absorb atmospheric oxygen, so tanks, holds, warehouses, cellars and coal bunkers holding them are hazardous.	draft	3		
Q0436	OSH	OSH-34	缺氧症預防規則	第2條	民國103年6月26日	缺氧-適用	2	使用乾冰從事冷凍、冷藏之冷凍庫、冷凍貨車或冷凍貨櫃內部，屬缺氧危險場所之原因為何？	庫內低溫使空氣中氧氣液化沉降	乾冰昇華產生二氧化碳排擠氧氣	密閉庫內照明不足導致視線不良	冷媒外洩產生具毒性之氨氣	Why are freezers, reefer trucks or containers using dry ice hazardous places?	The low temperature liquefies oxygen in the air	Sublimating dry ice releases CO2 that displaces oxygen	Poor lighting in the sealed store impairs vision	Leaking refrigerant produces toxic ammonia gas	b	第2條第2項第12款：使用乾冰從事冷凍、冷藏或水泥乳之脫鹼等之冷藏庫、冷凍庫、冷凍貨車、船艙或冷凍貨櫃之內部。乾冰昇華釋出二氧化碳而降低氧氣濃度。	Article 2(2)(12): cold rooms, freezers, reefer trucks, holds or containers using dry ice; sublimation releases CO2 and reduces oxygen.	draft	3		
Q0437	OSH	OSH-34	缺氧症預防規則	第9條	民國103年6月26日	缺氧-設施	2	於儲槽、鍋爐內部使用氬、二氧化碳或氦從事熔接作業時，應保持氧氣濃度在百分之多少以上？	百分之十六	百分之十八	百分之十九	百分之二十	During welding with argon, CO2 or helium inside tanks or boilers, oxygen must be kept at or above:	16%	18%	19%	20%	b	第9條：於儲槽、鍋爐或反應槽內部或其他通風不充分場所使用氬、二氧化碳或氦等從事熔接作業時，應予適當換氣以保持氧氣濃度在百分之十八以上；不得使用純氧換氣。	Article 9: ventilate to keep oxygen at 18% or more inside tanks, boilers or other poorly ventilated places; never ventilate with pure oxygen.	draft	3		
Q0438	OSH	OSH-34	缺氧症預防規則	第11條	民國103年6月26日	缺氧-設施	3	於通風不充分之室內作業場所，為防止儲槽、反應槽安全閥排出之惰性氣體流入，應設置何種設施？	作業期間將安全閥完全關閉之管制措施	於室內加裝局部排氣抽風機即可之設施	於安全閥出口處設置水幕阻隔氣體之設施	可使安全閥排出之氣體直接排放於外部之設施	In poorly ventilated indoor workplaces, to prevent inert gas from tank relief valves flowing in, the employer shall install:	Administrative rules to keep relief valves fully closed	Local exhaust fans installed inside the workroom only	A water curtain fitted at the relief valve outlet duct	Facilities that discharge relief-valve gas directly outdoors	d	第11條：應設置可使安全閥等所排出之氣體直接排放於外部之設施。	Article 11: facilities to vent gases from safety valves directly to the outside.	draft	3		
Q0439	OSH	OSH-34	缺氧症預防規則	第13條	民國103年6月26日	缺氧-設施	3	採用壓氣施工法之作業場所，鄰近特定地層時應調查何事？	作業場所之土壤承載力、沉陷量及基樁之埋設深度	作業之井或配管有否空氣漏洩、漏洩程度及作業場所氧氣濃度	鄰近地區地下水位之高低、水質酸鹼值及其含鹽量	作業場所之噪音音壓級、振動頻率及其照明照度值	For compressed-air construction near specified strata, the employer shall survey:	Soil bearing capacity at the site, its settlement, and the pile embedment depth	Air leakage from wells or piping, its extent, and the oxygen concentration at the site	Groundwater level nearby, its extent, and the pH and salt content of the water	Noise pressure level at the site, vibration frequency, and the lighting illuminance	b	第13條：採用壓氣施工法之場所存有或鄰近第2條第2項第2款第1目或第2目地層時，應調查該作業之井或配管有否空氣之漏洩、漏洩之程度及該作業場所空氣中氧氣之濃度。第19條發現漏洩時應即通知並公告緊急措施。	Article 13: check for air leakage from wells or piping, its extent, and the oxygen concentration; Article 19: on finding oxygen-deficient air leaking in, notify personnel and post emergency measures.	draft	3		
Q0440	OSH	OSH-34	缺氧症預防規則	第15條	民國103年6月26日	缺氧-設施	3	於地下室或溝內部從事拆卸或安裝輸送甲烷、乙烷、丙烷、丁烷等氣體配管作業時，應採取何種措施？	使勞工配戴防塵口罩，即可於該場所內作業	以火焰接近配管接頭，檢測氣體有無漏洩情形	確實遮斷該氣體之設施，使其不致流入作業場所	加快配管拆卸速度，使氣體不致大量流入場所	When removing or installing piping for methane, ethane, propane or butane in basements or trenches, the employer shall:	Have workers wear dust masks and then work in the area	Hold a flame near the joints to check the gas for leaks	Reliably isolate the gas so it cannot flow into the work area	Dismantle the piping quickly so little gas enters the area	c	第15條：於地下室或溝之內部及其他通風不充分之室內作業場所拆卸或安裝輸送主成分為甲烷、乙烷、丙烷、丁烷或此類混入空氣的氣體配管作業時，應採取確實遮斷該氣體之設施。	Article 15: install facilities that positively shut off the gas so it cannot enter the removal or installation area.	draft	3		
Q0441	OSH	OSH-34	缺氧症預防規則	第22條	民國103年6月26日	缺氧-管理	2	從事缺氧危險作業受鄰接作業場所影響致有缺氧危險之虞時，雇主應如何？	與各該作業場所密切保持聯繫	僅需於作業前通報檢查機構	要求鄰接作業場所負損害賠償責任	應立即停止鄰接作業場所之作業	When adjacent worksites could cause an oxygen-deficiency risk, the employer shall:	Maintain close liaison with those worksites	Merely notify the inspection agency before starting	Claim damages from the adjacent worksite operator	Immediately shut down all work at those worksites	a	第22條：如受鄰接作業場所之影響致有發生缺氧危險之虞時，應與各該作業場所密切保持聯繫。	Article 22: keep in close contact with the adjacent worksites.	draft	3		
Q0442	OSH	OSH-34	缺氧症預防規則	第26條	民國103年6月26日	缺氧-防護	2	勞工從事缺氧危險作業有因缺氧致墜落之虞時，雇主應供給何物？	防音耳塞、耳罩或安全帽	反光背心、口哨或手電筒	梯子、安全帶或救生索	護目鏡、防塵面罩或耳罩	When a worker may fall due to hypoxia, the employer shall provide:	Earplugs, earmuffs or a safety helmet	A reflective vest, whistle or flashlight	A ladder, safety harness or lifeline	Goggles, a dust face shield or earmuffs	c	第26條：應供給該勞工使用之梯子、安全帶或救生索，並使勞工確實使用。第29條：應定期或每次作業開始前確認第25至28條防護設備之數量及效能。	Article 26: ladders, harnesses or lifelines, and ensure their use; Article 29: check the quantity and function of protective equipment regularly or before each job.	draft	3		
Q0443	OSH	OSH-34	缺氧症預防規則	第31條	民國103年6月26日	缺氧-健康	2	下列何者屬缺氧症之末期症狀？	顏面蒼白、口唇發紺、脈搏微弱或盜汗	意識不明、痙攣、呼吸停止或心臟停止跳動	脈搏加快、呼吸急促、頭暈或注意力不集中	頭痛、耳鳴、噁心嘔吐或四肢無力感	Which are late-stage symptoms of hypoxia?	Pale face, cyanotic lips, weak pulse or cold sweating	Unconsciousness, convulsions, respiratory arrest or cardiac arrest	Rapid pulse, fast breathing, dizziness or poor concentration	Headache, ringing ears, nausea and vomiting or limb weakness	b	第31條第2款：意識不明、痙攣、呼吸停止或心臟停止跳動等為缺氧症之末期症狀，應即由醫師診治。	Article 31(2): unconsciousness, convulsions, respiratory or cardiac arrest are late symptoms requiring immediate medical care.	draft	3		
Q0444	OSH	OSH-15	高架作業勞工保護措施標準	第1條	民國103年6月25日	高架-法源	1	高架作業勞工保護措施標準係依職業安全衛生法第幾條規定訂定？	第十條第三項	第二十條第一項	第十九條第二項	第六條第三項	The Work-at-Height Protection Standards are enacted under which OSH Act article?	Article 10, paragraph 3	Article 20, paragraph 1	Article 19, paragraph 2	Article 6, paragraph 3	c	第1條：本標準依職業安全衛生法第十九條第二項規定訂定之（高溫作業標準、異常氣壓標準亦依第19條第2項）。	Article 1: under Article 19(2) of the OSH Act, the same basis as the high-temperature and abnormal-pressure standards.	draft	3		
Q0445	OSH	OSH-15	高架作業勞工保護措施標準	第3條	民國103年6月25日	高架-定義	2	室內作業或儲槽等場所之高架作業高度，如何計算？	自勞工站立位置與地板間之垂直距離	自建築物地面至屋頂之最高點垂直高度	自建築物基礎底面起算之垂直距離	自勞工頭頂至天花板間之垂直距離	Indoors or in tanks, the height of work at height is measured as:	The vertical distance from the worker's standing position to the floor	The vertical height from the building ground to the roof peak	The vertical distance measured from the building's foundation base	The vertical distance from the worker's head to the ceiling	a	第3條第2項第2款：室內作業或儲槽等場所，自勞工站立位置與地板間之垂直距離。	Article 3(2)(2): the vertical distance between the worker's standing position and the floor.	draft	3		
Q0446	OSH	OSH-15	高架作業勞工保護措施標準	第8條	民國103年6月25日	高架-禁止	2	身體虛弱經醫師診斷認為身體狀況不良之勞工，雇主得否使其從事高架作業？	加薪後得	不得	經勞工同意即得	得	May an employer assign work at height to a worker a physician has diagnosed as physically unfit?	Yes, with extra pay	No	Yes, if the worker consents	Yes	b	第8條第2款：身體虛弱，經醫師診斷認為身體狀況不良者，雇主不得使其從事高架作業；第3款情緒不穩定有安全顧慮者、第4款勞工自覺不適者亦同。	Article 8(2): no; likewise for emotionally unstable workers with safety concerns and workers who feel unfit.	draft	3		
Q0447	OSH	OSH-14	高溫作業勞工作息時間標準	第2條	民國103年7月1日	高溫-適用	2	高溫作業已採取自動化操作方式且勞工無暴露熱危害之虞者，是否適用高溫作業標準？	僅半數工時計入高溫作業	仍包括在高溫作業內	不包括在高溫作業內	由檢查人員個別認定	Are automated operations with no worker heat exposure covered as high-temperature work?	Only half the hours count	Yes, they remain covered	No, they are excluded	Decided by the inspectors	c	第2條第2項：前項作業，不包括已採取自動化操作方式且勞工無暴露熱危害之虞者。	Article 2(2): operations that are automated with no risk of heat exposure are excluded.	draft	3		
Q0448	OSH	OSH-14	高溫作業勞工作息時間標準	第3條	民國103年7月1日	高溫-熱指數	3	時量平均綜合溫度熱指數之計算方式為何？	各次熱指數中取最低者，除以總工作時間	各次熱指數中取最高者，作為代表值計算	各次熱指數之總和，除以測定次數之簡單平均	各次熱指數乘各次工作時間之總和，除以總工作時間	The time-weighted average WBGT is calculated as:	The lowest single WBGT reading divided by total work time	The highest single WBGT reading taken as the representative value	Sum of all WBGT readings divided by the number of readings	Sum of each WBGT times its work period, divided by total work time	d	第3條第2項：時量平均綜合溫度熱指數＝(第一次熱指數×第一次工作時間＋…＋第n次熱指數×第n次工作時間)÷(第一次工作時間＋…＋第n次工作時間)，均以攝氏表示。	Article 3(2): sum of WBGT × time for each period, divided by total time, in degrees Celsius.	draft	3		
Q0449	OSH	OSH-14	高溫作業勞工作息時間標準	第4條	民國103年7月1日	高溫-定義	2	於走動中提舉或推動一般重量物體之工作，屬何種工作？	中度工作	重工作	輕工作	特殊工作	Lifting or pushing ordinary loads while walking is classified as:	Moderate work	Heavy work	Light work	Special work	a	第4條：中度工作指於走動中提舉或推動一般重量物體者。	Article 4: moderate work means lifting or pushing objects of ordinary weight while walking.	draft	3		
Q0450	OSH	OSH-14	高溫作業勞工作息時間標準	第5條	民國103年7月1日	高溫-作息	3	中度工作之時量平均綜合溫度熱指數達攝氏 29.4 度時，每小時作息比例為何？	50%休息、50%作業	25%休息、75%作業	0%休息、100%作業	75%休息、25%作業	For moderate work at a time-weighted WBGT of 29.4°C, the hourly ratio is:	50% rest / 50% work	25% rest / 75% work	0% rest / 100% work	75% rest / 25% work	b	第5條表：中度工作 28.0 連續作業、29.4 為 25% 休息、31.1 為 50% 休息、32.6 為 75% 休息。	Article 5 table: moderate work 28.0 continuous, 29.4 = 25% rest, 31.1 = 50% rest, 32.6 = 75% rest.	draft	3		
Q0451	OSH	OSH-14	高溫作業勞工作息時間標準	第5條	民國103年7月1日	高溫-作息	3	重工作之時量平均綜合溫度熱指數達攝氏 32.1 度時，每小時作業比例最多為多少？	百分之二十五	百分之百	百分之七十五	百分之五十	For heavy work at a time-weighted WBGT of 32.1°C, the maximum hourly work proportion is:	25%	100%	75%	50%	a	第5條表：重工作 32.1 對應 75% 休息、25% 作業。	Article 5 table: heavy work at 32.1 = 75% rest / 25% work.	draft	3		
Q0452	OSH	OSH-14	高溫作業勞工作息時間標準	第8條	民國103年7月1日	高溫-管理	1	雇主原訂高溫作業勞工之工作條件優於高溫作業標準者，應如何？	從其規定	一律改依標準	須報主管機關核准	無效	If an employer's existing conditions for high-temperature workers are better than the Standards:	The employer's terms apply	They must be lowered to the Standards	Approval is required	They are void	a	第8條：雇主原訂高溫作業勞工之工作條件優於本標準者，從其規定。	Article 8: the more favorable employer terms prevail.	draft	3		
Q0453	OSH	OSH-18	異常氣壓危害預防標準	第4條	民國103年6月25日	異常氣壓-健康	1	雇主僱用勞工從事異常氣壓作業時，應依何規定實施健康檢查及管理？	全民健康保險法	職業安全衛生設施規則	勞工健康保護規則	醫療機構設置標準	Health examinations for abnormal-pressure workers shall follow:	The National Health Insurance Act	The OSH Facilities Rules	The Labor Health Protection Rules	The Medical Institutions Standards	c	第4條：應依勞工健康保護規則之規定，實施勞工健康檢查及管理。	Article 4: per the Labor Health Protection Rules.	draft	3		
Q0454	OSH	OSH-18	異常氣壓危害預防標準	第8條	民國103年6月25日	異常氣壓-設備	2	空氣壓縮機與作業室或氣閘室之間應設置何種裝置？	空氣加熱裝置	空氣清淨裝置	空氣加濕裝置	空氣消音裝置	Between the air compressor and the working chamber or air lock, the employer shall install:	An air heating device	An air cleaning device	An air humidifying device	An air silencing device	b	第8條：應於空氣壓縮機與作業室或與氣閘室之間設置空氣清淨裝置，以清淨輸往各該室之空氣。第11條：另應設置防止異常升溫之自動警報裝置。	Article 8: an air purifier to clean the supplied air; Article 11: an automatic alarm for abnormal temperature rise.	draft	3		
Q0455	OSH	OSH-18	異常氣壓危害預防標準	第11條	民國103年6月25日	異常氣壓-設備	2	為防止空氣壓縮機輸往作業室之空氣發生異常升溫，應設置何種裝置？	由操作勞工每小時記錄溫度之管理措施	能自動降低空氣溫度之冷卻除濕裝置	能迅即告知操作勞工之自動警報裝置	於作業室內設置溫度計供人員查看即可	To guard against abnormal temperature rise in compressed air sent to the chamber, the employer shall install:	Hourly temperature logging by the compressor operator	An automatic cooling and dehumidifying unit on the air line	An automatic alarm that immediately alerts the compressor operator	A thermometer in the working chamber for staff to read	c	第11條：應設置能迅即告知操作該空氣壓縮機之勞工及其他有關人員之自動警報裝置。	Article 11: an automatic alarm notifying the compressor operator and related personnel immediately.	draft	3		
Q0456	OSH	OSH-18	異常氣壓危害預防標準	第17條	民國103年6月25日	異常氣壓-管理	1	雇主對與工作無關人員擅進作業室及氣閘室，應如何？	得允許參觀，惟須由主管人員陪同進入	收取安全管理費用後，即得准許人員進入	不需管制，僅須於作業日誌記錄進出人數	嚴禁，並將禁止事項揭示於沈箱外面顯明處	Regarding unauthorized persons entering the working chamber or air lock, the employer shall:	Allow visits so long as a supervisor escorts the visitors inside the chamber	Allow entry once a safety management fee has been collected at the gate	No control is needed if the daily log records the number entering	Strictly prohibit it and post the prohibition conspicuously outside the caisson	d	第17條：應嚴禁與工作無關人員擅進作業室及氣閘室，並將有關禁止事項揭示於沈箱、壓氣潛盾等之外面顯明易見之處所。	Article 17: strictly prohibit entry and post the prohibition clearly outside the caisson or shield.	draft	3		
Q0457	OSH	OSH-18	異常氣壓危害預防標準	第19條	民國103年6月25日	異常氣壓-管理	3	高壓室內作業「高壓下時間」係指何段時間？作業壓力在每平方公分四公斤以下且一日作業次數二次以下者依何附表？	僅計減壓中所經過之時間；附表四	僅計加壓中所經過之時間；附表三	自進入作業室至離開作業室之時間；附表二	自開始加壓至開始減壓之時間；附表一	'Time under pressure' in hyperbaric work runs from when to when, and which table applies at 4 kg/cm² or less with at most two sessions a day?	Only the time spent under decompression; Table 4	Only the time spent under compression; Table 3	From entering the working chamber to leaving it; Table 2	From start of compression to start of decompression; Table 1	d	第19條：高壓下時間指自開始加壓至開始減壓之時間；作業壓力四公斤以下且一日二次以下者依附表一；超過四公斤或超過二次者依附表二並依附表三修正。	Article 19: from the start of compression to the start of decompression; Table 1 for 4 kg/cm² or less and two sessions or fewer; Table 2 with Table 3 corrections otherwise.	draft	3		
Q0458	OSH	OSH-18	異常氣壓危害預防標準	第24條	民國103年6月25日	異常氣壓-管理	2	為防止作業室內危險或有害氣體危害高壓室內作業勞工，應採取何措施？	禁止進食、飲水及在作業室內吸菸	換氣、測定氣體濃度及其他必要措施	縮短工作時間及增加休息次數之措施	僅提供防塵口罩及其他個人防護具	To protect hyperbaric workers from dangerous or harmful gases, the employer shall:	Ban eating, drinking and smoking inside the working chamber	Ventilate, measure gas concentrations and take other necessary measures	Shorten working hours and increase the number of rest breaks	Provide dust masks and other personal protective equipment only	b	第24條：應採取換氣、測定氣體濃度及其他必要措施。第16條主管亦須檢點測定二氧化碳、一氧化碳、甲烷、硫化氫等濃度之儀器。	Article 24: ventilation, gas measurement and other measures; Article 16: the supervisor checks meters for CO2, CO, methane and H2S.	draft	3		
Q0459	OSH	OSH-18	異常氣壓危害預防標準	第26條	民國103年6月25日	異常氣壓-緊急	3	因緊急事故增加減壓速率使高壓室內勞工避難後，雇主應如何處置？	使勞工於常壓下休息，並於當日自行返家休養	由現場人員持續觀察其症狀，無需再加壓	給予溫熱飲水及氧氣吸入，即可繼續作業	迅即送入再壓室或氣閘室，加壓至原作業相等之壓力	After an emergency rapid decompression to evacuate hyperbaric workers, the employer shall:	Let them rest at normal pressure and send them home at once to recover that day	Have site staff keep watching their symptoms, with no recompression needed	Give them warm drinks and oxygen, after which work may continue as normal	Promptly recompress them in a recompression chamber or air lock to the original pressure	d	第26條：緊急時得在必要限度內增加減壓速率或縮短停止時間，但應於勞工避難或救出後迅即送入再壓室或氣閘室，加壓至原高壓室內作業相等之壓力，加壓速率依第18條。	Article 26: recompress promptly to the original pressure in a recompression chamber or air lock, at the rate in Article 18.	draft	3		
Q0460	OSH	OSH-18	異常氣壓危害預防標準	第29條	民國103年6月25日	異常氣壓-管理	2	高壓室內作業之通話設備故障時之連絡方法，雇主應如何處理？	俟通話設備故障發生時再由主管決定	無須另訂連絡方法由現場人員處理	事前告知相關勞工並揭示於易見處	以行動電話通知氣閘室連絡員即可	The contact method for when the hyperbaric communication system fails must be:	Decided by the supervisor when the equipment actually fails	Not required; site personnel handle it on their own	Set in advance, told to workers and posted where they can see it	Phoning the air-lock liaison on a mobile phone is enough	c	第29條：應設置通話設備並於氣閘室附近配置連絡員；應規定通話設備故障時之連絡方法，事前告知相關勞工並揭示於勞工易見之處所。	Article 29: install communication equipment with a liaison near the air lock, and pre-establish, communicate and post the fallback contact method.	draft	3		
Q0461	OSH	OSH-18	異常氣壓危害預防標準	第31條	民國103年6月25日	異常氣壓-緊急	2	輸氣設備發生故障、出水或其他異常致高壓室內勞工有遭受危害之虞時，雇主應如何？	僅通知作業室主管到場查看，勞工得於室內繼續等候	迅即使勞工撤離並採取避難措施，確認安全前不得使指定人員以外者進入	維持原有輸氣量並繼續作業，俟交接班時再行檢修輸氣設備	減少作業室內人員數量，留置指定人員繼續進行作業	When the air supply fails or water enters and hyperbaric workers are endangered, the employer shall:	Only notify the chamber supervisor to come and look, while workers wait inside	Evacuate workers immediately, and let only designated personnel in until safety is confirmed	Keep the air supply as it is and continue work, repairing the equipment at shift change	Reduce the number of people in the chamber and let the designated staff work on	b	第31條：應迅即使勞工撤離並採取避難措施；之後確認輸氣設備是否正常、沈箱有無異常沈降傾斜；非確認安全前不得使指定人員以外之人員進入。	Article 31: evacuate immediately, then verify the air supply and check for abnormal sinking or tilting; only designated personnel may enter before safety is confirmed.	draft	3		
Q0462	OSH	OSH-18	異常氣壓危害預防標準	第32條	民國103年6月25日	異常氣壓-管理	2	為沈降沈箱而抽出作業室內空氣時，應先如何？	增加該室內之供氣量及壓力	撤出該室內作業之勞工	加派人員進入該室協助作業	關閉該室內照明及通訊設備	Before extracting air from the working chamber to sink the caisson, the employer shall:	Raise the air supply and pressure	Withdraw the workers from the chamber	Send more workers into the chamber	Turn off the lighting and intercom	b	第32條：為沈降沈箱而抽出作業室內之空氣時，應先撤出該室內作業之勞工；之後確認無出水或有害氣體，安全前不得使指定人員以外者進入。	Article 32: withdraw workers first; afterwards confirm there is no water ingress or harmful gas before non-designated personnel enter.	draft	3		
Q0463	OSH	OSH-18	異常氣壓危害預防標準	第33條	民國103年6月25日	異常氣壓-管理	2	於作業室內施炸後，在何種條件下始可允許人員進入？	以目視確認作業室內煙霧已完全散去	確認作業室內空氣恢復至正常狀態	施炸後經過五分鐘即可進入作業室	經作業室主管人員口頭同意後進入	After blasting in the working chamber, entry is allowed only when:	The smoke in the chamber is seen to have cleared	The air in the chamber is confirmed to be back to normal	Five minutes have passed since the blast was fired	The chamber supervisor has given verbal consent	b	第33條：作業室內施炸後，為防止缺氧或有害氣體之危害，在確認該作業室內之空氣恢復至正常狀態前，應嚴禁任何人進入作業室。	Article 33: no one may enter until the chamber air is confirmed normal, to prevent hypoxia or harmful gases.	draft	3		
Q0464	OSH	OSH-18	異常氣壓危害預防標準	第41條	民國103年6月25日	異常氣壓-潛水管理	2	潛水作業場所有船隻進入或進行爆破、拖網之虞時，雇主應如何？	由雇主公告停止該海域內所有船隻通行及作業	於作業日誌記錄船舶動態，不需其他措施	安排船舶戒護，並設置潛水作業警告旗誌、警示燈及錨標	由潛水人員以無線電向鄰近船隻口頭警告	When vessels, blasting or trawling may endanger divers, the employer shall:	Publicly close the whole sea area to all vessels and operations	Log vessel movements in the daily record; nothing else is needed	Arrange guard vessels and post dive flags, warning lights and anchor buoys	Have divers warn nearby vessels verbally by radio	c	第41條：應安排船舶戒護，並於作業場所設置必要而顯著之警告標示及措施，包括符合規定之潛水作業警告旗誌、警示燈、錨標。	Article 41: guard boats plus conspicuous warnings including the prescribed dive flag, warning lights and anchor buoys.	draft	3		
Q0465	OSH	OSH-18	異常氣壓危害預防標準	第42條	民國103年6月25日	異常氣壓-潛水管理	2	下列何者屬應提供必要裝備並告知特殊危害預防事項之特殊危險潛水作業？	水面漂浮休憩、浮潛拍照、船邊下水及岸際涉水作業	水下切割及熔接、進出沈船洞穴、夜間低能見度水域、高速水流水域	岸邊淺水撿拾貝類、採集海藻、淨灘及潮間帶觀察	一般游泳池清潔、水質檢測、池底刷洗、更換濾材作業	Which are 'special hazardous diving operations' requiring extra equipment and hazard briefing?	Surface floating, snorkel photography, boat-side entry, shoreline wading	Underwater cutting/welding, wreck or cave entry, night or low-visibility water, strong currents	Shallow shore shellfish gathering, seaweed picking, beach cleanup, tidal observation	Swimming pool cleaning, water quality testing, floor scrubbing, filter media changing	b	第42條列舉：水下爆破、水下切割及熔接、進出沈船洞穴佈設海底管線、寒冷或高溫水域、海域探測、遭受污染水域、夜間及低能見度水域、高速水流或渦流水域、特殊海洋生物危害等潛水作業。	Article 42: underwater blasting, cutting and welding, wrecks/caves/pipelines, cold or hot water, ocean surveys, polluted water, night or low visibility, strong currents or eddies, dangerous marine life.	draft	3		
Q0466	OSH	OSH-18	異常氣壓危害預防標準	第45條	民國103年6月25日	異常氣壓-減壓	3	於海拔多少公尺以上高海拔地區從事潛水作業，應依附表四之四、四之五規定辦理？	一千公尺（三千呎）	二千公尺（六千呎）	九十一點五公尺（三百呎）	三百零五公尺（一千呎）	Diving at altitudes above what elevation must follow Tables 4-4 and 4-5?	1,000 m (3,000 ft)	2,000 m (6,000 ft)	91.5 m (300 ft)	305 m (1,000 ft)	c	第45條：於九十一點五公尺（三百呎）以上高海拔地區潛水應依附表四之四、四之五辦理；作業後離開據點高程壓力差超過三百零五公尺（一千呎）者，應依附表四之六完成水面上休息並記錄保存五年。	Article 45: above 91.5 m (300 ft); leaving to a site with over 305 m (1,000 ft) elevation difference requires a surface interval per Table 4-6, recorded and kept 5 years.	draft	3		
Q0467	OSH	OSH-18	異常氣壓危害預防標準	第51條	民國103年6月25日	異常氣壓-供氣	2	使用水肺供氣（緊急用氣瓶外）潛水時，單人潛水應如何？二人共潛應如何？	單人及二人共潛均無須繩索或視線之要求	單人無需繩索繫著；二人得於水下各自分開作業	單人需配置連絡員；二人共潛則無須任何規定	單人需有繩索繫著；二人需隨時在互相視線可及之處	For scuba diving, a solo diver must be, and buddy divers must be:	No line or sight requirement for solo or buddy divers	Untethered; free to work apart underwater as they wish	Given a tender; buddy pairs are under no requirement	Tethered by a line; within each other's sight at all times	d	第51條：潛水前告知氣瓶供氣能力；設置潛水作業主管全程掌握；單人潛水需有繩索繫著，二人共潛需隨時在互相視線可及之處。	Article 51: brief the diver on cylinder capacity, assign a supervisor, tether solo divers, and keep buddy pairs within sight.	draft	3		
Q0468	OSH	OSH-18	異常氣壓危害預防標準	第53條	民國103年6月25日	異常氣壓-供氣	2	潛水作業供下潛或上浮使用之安全索，應如何標記？	自水面起每一公尺打一個繩結作為記號	將整條安全索以紅色油漆均勻塗布標示	依潛水深度以油漆每五公尺標示一次	依減壓站之停留深度以木標或布條作記錄	The descent/ascent safety line must be marked:	With a knot tied every meter from the surface down	By coating the whole safety line evenly in red paint	With paint at every five meters of dive depth	At decompression stop depths with wooden tags or cloth strips	d	第53條：應供給下潛或上浮使用之安全索並監督確實使用；安全索應依減壓站之停留深度以木標或布條作記錄。	Article 53: provide and enforce use of the safety line, marked at decompression stop depths with wooden markers or cloth strips.	draft	3		
Q0469	OSH	OSH-18	異常氣壓危害預防標準	第54條	民國103年6月25日	異常氣壓-檢點	3	使用水面供氣設備潛水時，空氣壓縮機或手動氣泵應多久檢點一次？流量計應多久檢點一次？	每週；每半年	每月；每季	每季；每年	每日；每月	For surface-supplied diving, the compressor or hand pump is inspected how often, and the flow meter how often?	Weekly; every six months	Monthly; every quarter	Quarterly; every year	Daily; every month	a	第54條第1款：每週檢點空氣壓縮機或手動氣泵；每月檢點空氣清淨裝置及深度表；每季檢點水中計時器；每半年檢點流量計。紀錄保存五年。	Article 54(1): compressor weekly; air cleaner and depth gauge monthly; dive timer quarterly; flow meter every six months; records 5 years.	draft	3		
Q0470	OSH	OSH-18	異常氣壓危害預防標準	第54條	民國103年6月25日	異常氣壓-檢點	3	使用水肺供氣潛水者，其氣瓶應多久檢點一次？	每一週	每一年	每半年	每一個月	For scuba diving, cylinders must be inspected every:	One week	One year	Six months	One month	c	第54條第2款：使用緊急用氣瓶外之水肺供氣者，每月檢點深度表、每季檢點水中計時器、每半年檢點氣瓶。	Article 54(2): depth gauge monthly, dive timer quarterly, cylinders every six months.	draft	3		
Q0471	OSH	OSH-18	異常氣壓危害預防標準	第62條	民國103年6月25日	異常氣壓-再壓室	2	實施高壓室內作業時應設再壓室；再壓室應避免接近何種場所？	機具停車場、材料堆置區及臨時倉庫等場所	危險物、火藥類或大量易燃性物質儲存場所，及有出水、土砂崩塌之虞場所	員工餐廳、茶水間及休息室等供膳食使用之場所	工地辦公室、監工休息室及會議室等一般行政管理用房舍場所	A recompression chamber for hyperbaric work must be kept away from:	Equipment parking areas, material stacking yards and temporary storerooms	Storage of dangerous goods, explosives or bulk flammables, and places at risk of flooding or collapse	Staff canteens, tea rooms and rest rooms used for meals and refreshments	Site offices, supervisor rest rooms, meeting rooms and other general administrative buildings	b	第62條：應設再壓室或採取可隨時利用再壓室之措施；再壓室應避免接近危險物火藥類或大量易燃性物質之處置儲存場所，及有出水、土砂崩塌之虞之場所。	Article 62: keep away from dangerous goods, explosives or bulk flammables storage, and from places prone to water ingress or earth collapse.	draft	3		
Q0472	OSH	OSH-18	異常氣壓危害預防標準	第66條	民國103年6月25日	異常氣壓-再壓室	2	再壓室應設置主再壓室及副再壓室，但何者不在此限？	新購置者	固定型者	室外設置者	移動型者	A recompression chamber needs main and auxiliary compartments, except for:	Newly bought chambers	Fixed chambers	Outdoor chambers	Mobile chambers	d	第66條：再壓室應設置主再壓室及副再壓室，但移動型者不在此限。第67條：兩室之門應保持氣密，壓力相等時可易於開啟；第68條：均應設置可自外面觀察之視窗。	Article 66: mobile chambers are exempt; Articles 67–68: airtight doors that open easily when pressures are equal, and viewing windows on both compartments.	draft	3		
Q0473	OSH	OSH-18	異常氣壓危害預防標準	第77條	民國103年6月25日	異常氣壓-再壓室	2	再壓室內應置滅火所必要之水、砂或其他物品，但下列何者不在此限？	再壓室內全面禁菸並設有煙霧偵測警報器者	室內備有乾粉滅火器及防火毯者	室外配置值班人員全程監視者	設有防火用灑水裝置、軟質水管或移動型再壓室者	Water, sand or similar firefighting items must be inside a recompression chamber, except when:	Smoking is fully banned and smoke detectors and alarms are fitted	Dry powder extinguishers and a fire blanket are kept inside	A duty attendant outside keeps watch throughout the operation	It has a sprinkler system, a soft water hose, or is a mobile chamber	d	第77條：再壓室內應置滅火所必要之水、砂或其他物品，但設有防火用灑水裝置、軟質水管或移動型再壓室者不在此限。第93條減壓艙亦同。	Article 77: exempt if equipped with sprinklers or a soft water hose, or if mobile; Article 93 applies the same to decompression chambers.	draft	3		
Q0474	OSH	OSH-18	異常氣壓危害預防標準	第78條	民國103年6月25日	異常氣壓-減壓艙	2	下列何者屬減壓艙應具備之設備？	內外雙向通話系統、可調節式氧氣呼吸口罩、視窗、深度表、計時表、安全閥	冷氣機、除濕機、空氣清淨機、電風扇、暖氣機、排油煙機及照明燈	電視機、收音機、音響設備、投影機、遊戲機及網路設備	冰箱、飲水機、微波爐、電磁爐、烘碗機及製冰機	Which are required decompression chamber equipment?	Two-way intercom, adjustable oxygen masks, viewports, depth gauge, timer, safety valve	Air conditioner, dehumidifier, air purifier, fan, heater, range hood and lamps	Television, radio, stereo system, projector, game console, network gear	Refrigerator, water dispenser, microwave, hotplate, dish dryer, ice maker	a	第78條：內外雙向通話系統、可調節式氧氣呼吸口罩、內外控制供排氣系統、水砂桶等滅火器具、內部照明系統、視窗、供排氣之深度控制閥及深度表、計時表、安全閥；並應置於潛水工作船或工作站等安全處所。	Article 78: intercom, adjustable oxygen masks, inside/outside supply and exhaust controls, water/sand fire kit, lighting, viewports, depth control valves and gauge, timer, safety valve; located in a safe place on the dive vessel or station.	draft	3		
Q0475	OSH	OSH-18	異常氣壓危害預防標準	第80條	民國103年6月25日	異常氣壓-減壓艙	3	使潛水人員於減壓艙呼吸純氧減壓時，應先確認何事？	該潛水人員已於作業前連續休息滿八小時	該潛水人員曾通過耐氧試驗，並於執行前通知該人員	減壓艙內溫度及濕度均維持於規定範圍	該潛水人員已於下水前二小時內完成用餐進食	Before having a diver breathe pure oxygen for decompression in the chamber, the operator must confirm:	The diver has had eight straight hours of rest before the job	The diver has passed an oxygen tolerance test and is informed beforehand	The chamber temperature and humidity are within the set range	The diver finished a meal within two hours before entering the water	b	第80條：由具資格之操作員操作；治療潛水病依醫師指示；使用前檢點；依減壓表執行；如醫療需要呼吸純氧減壓時應確定曾通過耐氧試驗並事前通知；持續監視；事先與最近潛水醫療單位連絡；記錄每次作業。	Article 80: qualified operator; treatment per physician; pre-use check; follow tables; oxygen only for divers who passed the oxygen tolerance test and are notified; continuous monitoring; contact the nearest dive medical unit; record each session.	draft	3		
Q0476	OSH	OSH-18	異常氣壓危害預防標準	第80條	民國103年6月25日	異常氣壓-減壓艙	2	減壓艙使用前，應事先與何單位連絡並保持通訊？	當地航政或港務機關	最近之潛水醫療單位	承保之產物保險公司	中央氣象主管機關	Before using a decompression chamber, the employer shall contact and stay in touch with:	The local port or shipping authority	The nearest diving medical unit	The underwriting insurance company	The central weather authority	b	第80條第6款：減壓艙使用前，應事先與最近之潛水醫療單位連絡，並保持通訊，以利緊急支援。	Article 80(6): contact the nearest diving medical unit in advance and maintain communication for emergency support.	draft	3		
Q0477	OSH	OSH-12	危害性化學品標示及通識規則	第3條	民國115年8月26日	化學品標示-定義	2	規則所稱「容器」，不包含下列何者？	盛裝化學品之袋、筒、瓶、箱及金屬罐	交通工具內之引擎、燃料槽或其他操作系統	製程用之反應器、儲槽及貯存容器	管路、軟管及其連接配件	The term 'container' under the Rules does NOT include:	Bags, drums, bottles, boxes and metal cans for chemicals	Engines, fuel tanks or operating systems of vehicles	Process reactors, storage tanks and holding vessels	Piping, hoses and their connecting fittings	b	第3條第2款：容器指任何袋、筒、瓶、箱、罐、桶、反應器、儲槽、管路及其他可盛裝危害性化學品者，但不包含交通工具內之引擎、燃料槽或其他操作系統。	Article 3(2): any bag, drum, bottle, box, can, barrel, reactor, tank, piping or other vessel, excluding vehicle engines, fuel tanks and operating systems.	draft	3		
Q0478	OSH	OSH-12	危害性化學品標示及通識規則	第3條	民國115年8月26日	化學品標示-定義	1	規則所稱「供應者」係指何者？	自國外輸入危害性化學品之廠商	製造危害性化學品供處置使用之廠商	使用危害性化學品之事業單位雇主	批發或零售危害性化學品之廠商	A 'supplier' under the Rules is:	A business that imports hazardous chemicals from abroad	A business that manufactures hazardous chemicals for use	An employer whose workplace uses hazardous chemicals	A business that wholesales or retails hazardous chemicals	d	第3條：製造者指製造危害性化學品供批發零售處置或使用之廠商；輸入者指從國外進口之廠商；供應者指批發或零售危害性化學品之廠商。	Article 3: manufacturer makes the chemicals; importer brings them in from abroad; supplier wholesales or retails them.	draft	3		
Q0479	OSH	OSH-12	危害性化學品標示及通識規則	第5條	民國115年8月26日	化學品標示-混合物	2	容器內之危害性化學品為混合物者，其應標示之「危害成分」指何者？	混合物中任一含量超過百分之五之化學物質成分	符合 CNS 15030 分類具物理性或健康危害之所有成分	混合物中作為主要溶劑使用之單一有機溶劑成分	混合物中依重量百分比計算含量最高之單一化學物質成分	For a mixture, the 'hazardous ingredients' to be labeled are:	Any ingredient present in the mixture above five percent	All ingredients with physical or health hazards under CNS 15030 classification	Only the organic solvent used as the main solvent in the mixture	The single ingredient with the highest weight percent in the mixture	b	第5條第2項：混合物之危害成分指混合物之危害性中符合CNS 15030分類，具有物理性危害或健康危害之所有危害物質成分。	Article 5(2): all hazardous ingredients classified under CNS 15030 as having physical or health hazards.	draft	3		
Q0480	OSH	OSH-12	危害性化學品標示及通識規則	第9條	民國115年8月26日	化學品標示-公告板	3	導管、化學設備等以公告板代替標示時，因製造者、輸入者或供應者名稱地址電話經常變更，在何條件下得免標示該事項？	每月定期更新者	經主管簽名確認者	任何情形均不得免標示	備有安全資料表者	When a notice board replaces labels on piping or chemical equipment, the supplier name/address/phone may be omitted if:	It is updated every month	A manager has signed it off	It can never be omitted at all	A safety data sheet is available	d	第9條第2項：第2至5款之容器有公告板者，其製造者輸入者或供應者名稱地址電話經常變更，但備有安全資料表者，得免標示第5條第1項第2款第6目之事項。	Article 9(2): where supplier details change frequently, they may be omitted if an SDS is kept available.	draft	3		
Q0481	OSH	OSH-12	危害性化學品標示及通識規則	第14條	民國115年8月26日	化學品標示-SDS	2	同一種類之混合物濃度不同而危害成分、用途及危害性相同時，得否使用同一份安全資料表？	得，但應註明不同化學品名稱	得，且無須註明化學品名稱	僅實驗室試藥得共用資料表	不得，應分別製作安全資料表	May mixtures of the same type but different concentrations, with identical hazardous ingredients, use and hazards, share one SDS?	Yes, but the different product names must be noted	Yes, and no product names need be noted	Only laboratory reagents may share one sheet	No, a separate sheet must be made for each	a	第14條：混合物屬同一種類之化學品，其濃度不同而危害成分、用途及危害性相同時，得使用同一份安全資料表，但應註明不同化學品名稱。	Article 14: one SDS may be shared, provided the different chemical names are indicated.	draft	3		
Q0482	OSH	OSH-12	危害性化學品標示及通識規則	第15-1條	民國115年8月26日	化學品標示-SDS	3	製造者提供之安全資料表有誤寫、缺漏等顯然錯誤時，主管機關應如何處理？	逕處新臺幣三百萬元罰鍰，並命令停工三個月	不經通知即直接吊銷其登記證照，並公告該事業單位名稱	不予處理，由製造者自行決定是否更正其內容	令其限期補正，屆期未補正者依職安法第44條第1項及第49條辦理	If an SDS contains obvious clerical errors or omissions, the authority shall:	Fine NT$3 million outright and order a three-month work stoppage	Revoke the registration licence without notice and publicly publish the firm's name	Take no action and let the manufacturer decide whether to revise it	Order correction within a deadline; failure is handled under OSH Act Articles 44(1) and 49	d	第15條之1：安全資料表內容有誤寫、缺漏或其他類此顯然錯誤，主管機關或勞動檢查機構應令其限期補正；屆期未補正者，依本法第44條第1項及第49條規定辦理。	Article 15-1: order correction by a deadline; if not corrected, apply Articles 44(1) and 49 of the OSH Act.	draft	3		
Q0483	OSH	OSH-12	危害性化學品標示及通識規則	第17條	民國115年8月26日	化學品標示-通識	2	危害性化學品清單之內容格式，應參照何附表？	附表四	附表一	附表五	附表三	The hazardous chemical inventory format follows which annex?	Annex 4	Annex 1	Annex 5	Annex 3	c	第17條第1項第2款：製作危害性化學品清單，其內容、格式參照附表五。附表一為分類及標示要項，附表三為應提供SDS之化學品，附表四為SDS格式。	Article 17(1)(2): inventory per Annex 5; Annex 1 covers classification and label elements, Annex 3 the chemicals needing SDSs, Annex 4 the SDS format.	draft	3		
Q0484	OSH	OSH-12	危害性化學品標示及通識規則	第18條	民國115年8月26日	化學品標示-營業秘密	3	申請保留揭示安全資料表資訊，檢附文件不齊全時，應於補正通知後幾日內補正？補正次數以幾次為限？	十五日；一次	七日；不限	六十日；三次	三十日；二次	For a trade-secret withholding application with incomplete documents, the deadline and maximum number of corrections are:	15 days; once	7 days; unlimited	60 days; three times	30 days; twice	d	第18條第2項：申請者應於收受補正通知後三十日內補正，補正次數以二次為限；逾期未補正者不予受理。核定後查有不實得撤銷或廢止。	Article 18(2): correct within 30 days of notice, at most twice; otherwise not accepted. Approval may be revoked if information is false.	draft	3		
Q0485	OSH	OSH-12	危害性化學品標示及通識規則	第20條	民國115年8月26日	化學品標示-其他法規	2	裝有危害性化學品之船舶、航空器或運送車輛之標示，應依何規定辦理？	消防法有關危險物品之規定	本規則附表一之規定	交通法規有關運輸之規定	環境用藥管理法之規定	Labeling of ships, aircraft or vehicles carrying hazardous chemicals follows:	Dangerous goods provisions of the Fire Services Act	The provisions of Annex 1 of these Rules	Transport provisions of traffic regulations	The provisions of the Environmental Agents Control Act	c	第20條：對裝有危害性化學品之船舶、航空器或運送車輛之標示，應依交通法規有關運輸之規定辦理。	Article 20: per the transport provisions of traffic regulations.	draft	3		
Q0486	OSH	OSH-12	危害性化學品標示及通識規則	第21條	民國115年8月26日	化學品標示-其他法規	2	放射性物質及 CNS 15030 分類之環境危害性化學品之標示，應依何規定辦理？	游離輻射及環境保護相關法規	本規則第5條之標示規定	交通法規有關運輸之規定	農藥管理法及動物用藥品管理法	Labeling of radioactive substances and environmentally hazardous chemicals (CNS 15030) follows:	Ionizing radiation and environmental protection laws	The labeling provisions of Article 5 of these Rules	Transport provisions of traffic regulations	The Agro-pesticides and Veterinary Drugs Acts	a	第21條：對放射性物質、CNS 15030分類之環境危害性化學品之標示，應依游離輻射及環境保護相關法規規定辦理。第22條：農藥及環境用藥依農藥及環境用藥相關法規。	Article 21: ionizing radiation and environmental laws; Article 22: pesticides and environmental agents follow their own laws.	draft	3		